"set_id","set_title","trait_key","trait_name","trait_type","breakpoints","description","tier_effects","categories","guide_signal","source_url"
"set1","Beta Set","Assassin","Assassin","CLASS","3/6/9","Innate: At the start of combat Assassins leap to the farthest enemy. Assassins gain bonus Critical Strike Damage.","3: 75% Crit Damage & 5% Crit Chance | 6: 150% Crit Damage & 20% Crit Chance | 9: 225% Crit Damage & 30% Crit Chance","offense","Special combat rule","https://lolchess.gg/synergies/set1/guide?hl=en"
"set1","Beta Set","Blademaster","Blademaster","CLASS","3/6/9","Blademaster attacks have a 45% chance to trigger additional attacks on-hit","3: One Additional Attack | 6: Two Additional Attacks | 9: Four Additional Attacks","special","High-variance combat","https://lolchess.gg/synergies/set1/guide?hl=en"
"set1","Beta Set","Brawler","Brawler","CLASS","2/4/6","Brawlers gain bonus maximum health","2: 250 Bonus Health | 4: 500 Bonus Health | 6: 900 Bonus Health","defense","Primarily statistical","https://lolchess.gg/synergies/set1/guide?hl=en"
"set1","Beta Set","Demon","Demon","ORIGIN","2/4/6","Demon basic attacks have a 40% chance to burn 20 mana from their target and return some mana to the attacker.","2: 15 mana returned | 4: 30 mana returned | 6: 45 mana returned","offense","High-variance combat","https://lolchess.gg/synergies/set1/guide?hl=en"
"set1","Beta Set","Dragon","Dragon","ORIGIN","2","","2: Dragons gain 75% resistance to Magic damage","summon","Board-changing summon","https://lolchess.gg/synergies/set1/guide?hl=en"
"set1","Beta Set","Elementalist","Elementalist","CLASS","3","Innate: Elementalists gain double mana from attacks","3: At the start of combat, summon a Golem","summon, offense","Board-changing summon","https://lolchess.gg/synergies/set1/guide?hl=en"
"set1","Beta Set","Exile","Exile","ORIGIN","1","","1: If an Exiles has no adjacent allies at the start of combat, they gain a shield equal to 100% of their maximum Health","position, defense","Visible formation rule","https://lolchess.gg/synergies/set1/guide?hl=en"
"set1","Beta Set","Glacial","Glacial","ORIGIN","2/4/6","Glacial attacks gain a chance to stun enemies for 1.5s","2: 20% Chance to Stun | 4: 33% Chance to Stun | 6: 50% Chance to Stun","special","High-variance combat","https://lolchess.gg/synergies/set1/guide?hl=en"
"set1","Beta Set","Guardian","Guardian","CLASS","2","","2: At the start of combat, Guardians grants +40 Armor to adjacent allies. This Armor can stack (except guardians).","position, defense","Visible formation rule","https://lolchess.gg/synergies/set1/guide?hl=en"
"set1","Beta Set","Gunslinger","Gunslinger","CLASS","2/4/6","Gunslinger attacks gain a 50% chance to trigger additional attacks on-hit","2: Attack 1 extra enemies | 4: Attack 2 extra enemies | 6: Attack 4 extra enemies","special","High-variance combat","https://lolchess.gg/synergies/set1/guide?hl=en"
"set1","Beta Set","Hextech","Hextech","ORIGIN","2/4","When combat begins, the ally team launches and detonates a pulse bomb, temporarily disabling nearby enemy items for 5 seconds.","2: within 1 hexes | 4: within 2 hexes","position","Visible formation rule","https://lolchess.gg/synergies/set1/guide?hl=en"
"set1","Beta Set","Imperial","Imperial","ORIGIN","2/4","Gain Double Damage","2: 1 Random Imperial | 4: All Imperials","choice","Special combat rule","https://lolchess.gg/synergies/set1/guide?hl=en"
"set1","Beta Set","Knight","Knight","CLASS","2/4/6","All allies block damage taken","2: 15 Damage Blocked | 4: 30 Damage Blocked | 6: 60 Damage Blocked","special","Special combat rule","https://lolchess.gg/synergies/set1/guide?hl=en"
"set1","Beta Set","Ninja","Ninja","ORIGIN","1/4","The Ninja Trait is only active when you have exactly 1 or all 4 Ninjas.","1: Ninja gains +50 Attack Damage and Ability Power | 4: All Ninja gain +80 Attack Damage and Ability Power","offense","Primarily statistical","https://lolchess.gg/synergies/set1/guide?hl=en"
"set1","Beta Set","Noble","Noble","ORIGIN","3/6","+50 Armor & MR and heal 30 health on-hit","3: 1 Random Ally | 6: All Alies","defense, choice","High-variance combat","https://lolchess.gg/synergies/set1/guide?hl=en"
"set1","Beta Set","Phantom","Phantom","ORIGIN","2","","2: At the start of combat, curse a random enemy and set their HP to 100","choice","High-variance combat","https://lolchess.gg/synergies/set1/guide?hl=en"
"set1","Beta Set","Pirate","Pirate","ORIGIN","3","","3: At the end of combat against another player, gain up to 4 additional gold","economy","Non-combat or mixed economy","https://lolchess.gg/synergies/set1/guide?hl=en"
"set1","Beta Set","Ranger","Ranger","CLASS","2/4","Rangers gain a chance to double their attack speed every 3s for the next 3s","2: 40% Chance to Double Attack Speed | 4: 70% Chance to Double Attack Speed","offense","High-variance combat","https://lolchess.gg/synergies/set1/guide?hl=en"
"set1","Beta Set","Robot","Robot","ORIGIN","1","","1: Robots start combat at full mana","offense","Special combat rule","https://lolchess.gg/synergies/set1/guide?hl=en"
"set1","Beta Set","Shapeshifter","Shapeshifter","CLASS","3/6","Shapeshifters gain bonus maximum Health when they transform","3: 60% Bonus Maximum Heath | 6: 100% Bonus Maximum Heath","transformation, defense","Visible transformation","https://lolchess.gg/synergies/set1/guide?hl=en"
"set1","Beta Set","Sorcerer","Sorcerer","CLASS","3/6/9","Innate: Sorcerers gain double mana from attacks. All Allies have increased Spell Power","3: +40% Spell Power | 6: +120% Spell Power | 9: +200% Spell Power","offense","Special combat rule","https://lolchess.gg/synergies/set1/guide?hl=en"
"set1","Beta Set","Void","Void","ORIGIN","2/4","","2: One random void champion deals true damage this combat | 4: All your void champions deal true damage this combat","choice","Special combat rule","https://lolchess.gg/synergies/set1/guide?hl=en"
"set1","Beta Set","Wild","Wild","ORIGIN","2/4","Attacks generate stacks of Fury (stacks up to 5 times). Each stack of Fury gives 10% Attack Speed","2: Wild Allies Only | 4: All Allies (their basic attacks can’t miss)","offense","Primarily statistical","https://lolchess.gg/synergies/set1/guide?hl=en"
"set1","Beta Set","Yordle","Yordle","ORIGIN","3/6/9","Yordles gain a chance to dodge enemy attacks","3: 30% Chance to Dodge | 6: 60% Chance to Dodge | 9: 90% Chance to Dodge","special","High-variance combat","https://lolchess.gg/synergies/set1/guide?hl=en"
"set2","Rise of the Elements","Alchemist","Alchemist","CLASS","1","","1: Innate: Alchemists ignore collision and never stop moving","special","Special combat rule","https://lolchess.gg/synergies/set2/guide?hl=en"
"set2","Rise of the Elements","Assassin","Assassin","CLASS","3/6","Innate: At the start of combat, Assassins leap to the farthest enemy. Assassins gain bonus Critical Strike Damage and Chance.","3: +70% Critical Strike Damage & +10% Critical Strike Chance | 6: +210% Critical Strike Damage & +20% Critical Strike Chance","offense","Special combat rule","https://lolchess.gg/synergies/set2/guide?hl=en"
"set2","Rise of the Elements","Avatar","Avatar","CLASS","1","","1: An Avatar's Origin Element is counted twice for Trait bonuses","special","Special combat rule","https://lolchess.gg/synergies/set2/guide?hl=en"
"set2","Rise of the Elements","Berserker","Berserker","CLASS","3/6","Innate: At the start of combat, Berserkers leap to the nearest enemy. Berserkers have a chance to hit all units in a cone in front of them with their attacks","3: 45% Chance | 6: 100% Chance, all Berserkers +25 AD","position","High-variance combat","https://lolchess.gg/synergies/set2/guide?hl=en"
"set2","Rise of the Elements","Blademaster","Blademaster","CLASS","2/4/6","Blademaster Basic Attacks have a 40% chance to trigger additional attacks against their target. These additional attacks deal damage like Basic Attacks and trigger on-hit effects.","2: 1 Additional Attack | 4: 2 Additional Attacks | 6: 3 Additional Attacks","special","High-variance combat","https://lolchess.gg/synergies/set2/guide?hl=en"
"set2","Rise of the Elements","Crystal","Crystal","ORIGIN","2/4","Crystal Champions have a maximum amount of damage they can take from a single hit.","2: 110 Max Damage | 4: 60 Max Damage","special","Special combat rule","https://lolchess.gg/synergies/set2/guide?hl=en"
"set2","Rise of the Elements","Desert","Desert","ORIGIN","2/4","Reduces each enemy's armor","2: 40% Armor reduction | 4: 100% Armor reduction","defense","Primarily statistical","https://lolchess.gg/synergies/set2/guide?hl=en"
"set2","Rise of the Elements","Druid","Druid","CLASS","2","","2: Druids regenerate 45 health each second","defense","Primarily statistical","https://lolchess.gg/synergies/set2/guide?hl=en"
"set2","Rise of the Elements","Electric","Electric","ORIGIN","2/3/4","Electric Champions shock nearby enemies whenever they deal or receive a critical strike","2: 80 damage | 3: 250 damage | 4: 550 damage","offense","Special combat rule","https://lolchess.gg/synergies/set2/guide?hl=en"
"set2","Rise of the Elements","Forest","Woodland","ORIGIN","3/6","","3: At the start of combat, a random Woodland Champion makes a copy of themselves | 6: Woodland to clone them all.","summon, choice","Special combat rule","https://lolchess.gg/synergies/set2/guide?hl=en"
"set2","Rise of the Elements","Glacial","Glacial","ORIGIN","2/4/6","Basic Attacks from Glacials have 25% chance to stun their target for 1.5 seconds, bonus Magic Damage on stun.","2: 75 bonus Magic Damage | 4: 175 bonus Magic Damage | 6: 375 bonus Magic Damage","special","High-variance combat","https://lolchess.gg/synergies/set2/guide?hl=en"
"set2","Rise of the Elements","Inferno","Inferno","ORIGIN","3/6/9","Inferno spell damage and critical strikes burns the ground beneath the target, dealing a percent of that spell's pre-mitigation damage as magic damage over 4 seconds","3: 70% Damage, Hexes that light on fire: 1 | 6: 150% Damage, Hexes that light on fire: 3 | 9: 250% Damage, Hexes that light on fire: 5","position, offense","Visible formation rule","https://lolchess.gg/synergies/set2/guide?hl=en"
"set2","Rise of the Elements","Light","Light","ORIGIN","3/6/9","When a Light Champion dies, all other Light Champions gain Attack Speed and are healed for 20% of their Maximum Health","3: +20% Attack Speed | 6: +30% Attack Speed | 9: +50% Attack Speed","defense, offense","Primarily statistical","https://lolchess.gg/synergies/set2/guide?hl=en"
"set2","Rise of the Elements","Lunar","Lunar","ORIGIN","2","Moonlight transforms unit durability into a win condition for team comps that are built with drawn out battles in mind.","2: Every 7 seconds, your team gains 15% Critical Strike Chance, 15% Critical Strike Damage, and 15% Spell Power. (Stacks up to 4 times)","transformation, defense, offense","Visible transformation","https://lolchess.gg/synergies/set2/guide?hl=en"
"set2","Rise of the Elements","Mage","Mage","CLASS","3/6","Mages have a chance on cast to instead Doublecast","3: 50% chance | 6: 100% chance & 20 AP to all Mages","special","Special combat rule","https://lolchess.gg/synergies/set2/guide?hl=en"
"set2","Rise of the Elements","Mountain","Mountain","ORIGIN","2","","2: At the start of combat, a random ally gains a 1500 health Stoneshield","defense, choice","High-variance combat","https://lolchess.gg/synergies/set2/guide?hl=en"
"set2","Rise of the Elements","Mystic","Mystic","CLASS","2/4","All allies gain increased Magic Resist","2: 40 Magic Resist | 4: 120 Magic Resist","defense","Primarily statistical","https://lolchess.gg/synergies/set2/guide?hl=en"
"set2","Rise of the Elements","Ocean","Ocean","ORIGIN","2/4/6","All allies restore mana every 4 seconds","2: +10 Mana | 4: +30 Mana | 6: +60 Mana","offense","Special combat rule","https://lolchess.gg/synergies/set2/guide?hl=en"
"set2","Rise of the Elements","Poison","Poison","ORIGIN","3","","3: Poison Champions apply Neurotoxin when they deal damage, increasing the target's mana cost by 33%","offense","Special combat rule","https://lolchess.gg/synergies/set2/guide?hl=en"
"set2","Rise of the Elements","Predator","Predator","CLASS","3","","3: Predators instantly kill enemies they damage who are below 25% health","transformation, defense","Primarily statistical","https://lolchess.gg/synergies/set2/guide?hl=en"
"set2","Rise of the Elements","Ranger","Ranger","CLASS","2/4/6","Every 3 seconds, Rangers have a chance to double their Attack Speed for 3 seconds.","2: 35% Chance to 2x Attack Speed | 4: 80% Chance to 2x Attack Speed | 6: 100% Chance to 2.5x Attack Speed","offense","High-variance combat","https://lolchess.gg/synergies/set2/guide?hl=en"
"set2","Rise of the Elements","Shadow","Shadow","ORIGIN","3/6","Shadow units deal increased damage for 6 seconds at combat start, refreshed on takedown.","3: 65% Increased Damage, Self Takedown | 6: 150% Increased Damage, Any Shadow Takedown","transformation","Special combat rule","https://lolchess.gg/synergies/set2/guide?hl=en"
"set2","Rise of the Elements","Soulbound","Soulbound","CLASS","2","","2: The first Soulbound unit to die in a round will instead enter the Spirit Realm, becoming untargetable and continuing to fight as long as another Soulbound unit is alive.","special","Special combat rule","https://lolchess.gg/synergies/set2/guide?hl=en"
"set2","Rise of the Elements","Steel","Steel","ORIGIN","2/3/4","Steel Champions gain damage immunity for a few seconds when they are reduced below 50% health","2: 2 seconds of immunity | 3: 3 seconds of immunity | 4: 4 seconds of immunity","transformation, defense","Primarily statistical","https://lolchess.gg/synergies/set2/guide?hl=en"
"set2","Rise of the Elements","Summoner","Summoner","CLASS","3/6","Summoned units have increased health and duration","3: 30% increase | 6: 120% increase","summon, defense","Board-changing summon","https://lolchess.gg/synergies/set2/guide?hl=en"
"set2","Rise of the Elements","Warden","Warden","CLASS","2/4/6","Wardens gain increased total Armor","2: +150% Armor | 4: +300% Armor | 6: +999% Armor","defense","Primarily statistical","https://lolchess.gg/synergies/set2/guide?hl=en"
"set2","Rise of the Elements","Wind","Wind","ORIGIN","2/3/4","All allies gain dodge chance","2: 20% dodge chance | 3: 25% dodge chance | 4: 35% dodge chance","special","Special combat rule","https://lolchess.gg/synergies/set2/guide?hl=en"
"set3","Galaxies","Blademaster","Blademaster","CLASS","3/6/9","Blademasters' Basic Attacks have a chance to trigger two additional attacks against their target. These additional attacks deal damage like Basic Attacks and trigger on-hit effects.","3: 30% Chance to trigger | 6: 55% Chance to trigger | 9: 100% Chance to trigger","special","High-variance combat","https://lolchess.gg/synergies/set3/guide?hl=en"
"set3","Galaxies","Blaster","Blaster","CLASS","2/4","Every fourth Basic Attack from a Blaster fires additional attacks at random enemies. These additional attacks deal damage like Basic Attacks, trigger on-hit effects and can critically hit.","2: 3 Additional Attacks | 4: 5 Additional Attacks","offense, choice","Special combat rule","https://lolchess.gg/synergies/set3/guide?hl=en"
"set3","Galaxies","Brawler","Brawler","CLASS","2/4","Brawlers gain bonus Maximum Health.","2: 350 Bonus Health | 4: 650 Bonus Health","defense","Primarily statistical","https://lolchess.gg/synergies/set3/guide?hl=en"
"set3","Galaxies","Celestial","Celestial","ORIGIN","2/4/6","All allies heal for some of the damage they deal with spells and attacks.","2: 15% Healing | 4: 35% Healing | 6: 60% Healing","special","Special combat rule","https://lolchess.gg/synergies/set3/guide?hl=en"
"set3","Galaxies","Chrono","Chrono","ORIGIN","2/4/6","All allies gain 15% Attack Speed every some seconds.","2: every 8 seconds | 4: every 3.5 seconds | 6: every 1.5 seconds","offense","Primarily statistical","https://lolchess.gg/synergies/set3/guide?hl=en"
"set3","Galaxies","Cybernetic","Cybernetic","ORIGIN","3/6","Cybernetic champions with at least one item gain Health and Attack Damage.","3: 350 Health and 35 Attack Damage | 6: 700 Health and 70 Attack Damage","defense, offense","Primarily statistical","https://lolchess.gg/synergies/set3/guide?hl=en"
"set3","Galaxies","DarkStar","Dark Star","ORIGIN","3/6/9","When a Dark Star Champion dies, all other allied Dark Star Champions gain Attack Damage and Spell Power","3: Attack Damage and Spell Power +20 | 6: Attack Damage and Spell Power +25 | 9: Attack Damage and Spell Power +35","offense","Primarily statistical","https://lolchess.gg/synergies/set3/guide?hl=en"
"set3","Galaxies","Demolitionist","Demolitionist","CLASS","2","","2: Damage from Demolitionists' spellcasts stun their for 1.50 seconds. (Once per spellcast)","special","Special combat rule","https://lolchess.gg/synergies/set3/guide?hl=en"
"set3","Galaxies","Infiltrator","Infiltrator","CLASS","2/4/6","Innate: At the start of combat, Infiltrators move to the enemy's backline. Infiltrators gain Attack Speed for 6 seconds at the start of combat, refreshes on takedown","2: 50% Bonus Attack Speed | 4: 75% Bonus Attack Speed | 6: 120% Bonus Attack Speed","position, transformation, offense","Primarily statistical","https://lolchess.gg/synergies/set3/guide?hl=en"
"set3","Galaxies","ManaReaver","Mana-Reaver","CLASS","2","","2: Mana-Reaver attacks increase the mana cost of their target’s next spell by 40%","offense","Special combat rule","https://lolchess.gg/synergies/set3/guide?hl=en"
"set3","Galaxies","MechPilot","Mech-Pilot","ORIGIN","3","The Super-Mech has the combined Pilots Health, Attack Damage, and Traits of its Pilots, as well as 3 random items from among them. When the Super-Mech dies the Pilots are ejected, continue to fight.","3: At the start of combat, three Mech-Pilot champs are merged into a Super Mech.","summon, defense, offense, choice","Board-changing summon","https://lolchess.gg/synergies/set3/guide?hl=en"
"set3","Galaxies","Mercenary","Mercenary","CLASS","1","","1: Innate: Upgrades for Mercenaries's spells have a chance to appear in the shop.","economy","Non-combat or mixed economy","https://lolchess.gg/synergies/set3/guide?hl=en"
"set3","Galaxies","Mystic","Mystic","CLASS","2/4","All allies gain Magic Resistance.","2: 35 Magic Resistance | 4: 105 Magic Resistance","defense","Primarily statistical","https://lolchess.gg/synergies/set3/guide?hl=en"
"set3","Galaxies","Protector","Protector","CLASS","2/4/6","Protectors shield themselves for 4 seconds whenever they cast a spell. This shield doesn't stack.","2: 25% Maximum Health Shield | 4: 30% Maximum Health Shield | 6: 40% Maximum Health Shield","defense","Primarily statistical","https://lolchess.gg/synergies/set3/guide?hl=en"
"set3","Galaxies","Rebel","Rebel","ORIGIN","3/6/9","At the start of combat, Rebels gain a shield and increased damage for each adjacent Rebel. The shield lasts for 8 seconds.","3: 150 Shield & 10% Damage | 6: 210 Shield & 12% Damage | 9: 330 Shield & 15% Damage","position, defense","Visible formation rule","https://lolchess.gg/synergies/set3/guide?hl=en"
"set3","Galaxies","Sniper","Sniper","CLASS","2","","2: Snipers deal 15% increased damage for each hex between themselves and their target.","position","Visible formation rule","https://lolchess.gg/synergies/set3/guide?hl=en"
"set3","Galaxies","Sorcerer","Sorcerer","CLASS","2/4/6/8","All allies have increased Spell Power.","2: 20% Spell Power | 4: 40% Spell Power | 6: 75% Spell Power | 8: 120% Spell Power","special","Special combat rule","https://lolchess.gg/synergies/set3/guide?hl=en"
"set3","Galaxies","SpacePirate","Space Pirate","ORIGIN","2/4","Whenever a Space Pirate lands a killing blow on a Champion there is a chance to drop extra loot.","2: 50% for 1 gold | 4: 50% for 1 gold and 25% for a component item","economy, transformation","Non-combat or mixed economy","https://lolchess.gg/synergies/set3/guide?hl=en"
"set3","Galaxies","StarGuardian","Star Guardian","ORIGIN","3/6","Star Guardians' spellcasts grant Mana to other Star Guardians spread among them.","3: 30 Total Mana | 6: 50 Total Mana","offense","Special combat rule","https://lolchess.gg/synergies/set3/guide?hl=en"
"set3","Galaxies","Starship","Starship","CLASS","1","","1: Innate: Starships gain 40 Mana per second, maneuver around the board, and are immune to movement impairing effects, but can't Basic Attack.","offense","Special combat rule","https://lolchess.gg/synergies/set3/guide?hl=en"
"set3","Galaxies","Valkyrie","Valkyrie","ORIGIN","2","","2: Valkyrie attacks and spells always critically hit targets below 40% health.","transformation, defense, offense","Primarily statistical","https://lolchess.gg/synergies/set3/guide?hl=en"
"set3","Galaxies","Vanguard","Vanguard","CLASS","2/4","Vanguard champions gain bonus Armor.","2: 125 Armor | 4: 250 Armor","defense","Primarily statistical","https://lolchess.gg/synergies/set3/guide?hl=en"
"set3","Galaxies","Void","Void","ORIGIN","3","","3: Attacks and spells from Void champions deal true damage.","special","Special combat rule","https://lolchess.gg/synergies/set3/guide?hl=en"
"set3.5","Galaxies: Return to the Stars","Astro","Astro","ORIGIN","3","","3: Astro Champions reduce their mana costs by 30","offense","Special combat rule","https://lolchess.gg/synergies/set3.5/guide?hl=en"
"set3.5","Galaxies: Return to the Stars","Battlecast","Battlecast","ORIGIN","2/4/6/8","Battlecast champions, upon dealing or taking 10 instances of damage, heal if below half health, or deal magic damage to the nearest enemy if above half.","2: 80 Healing or Damage | 4: 180 Healing or Damage | 6: 480 Healing or Damage | 8: 1000 Healing or Damage","transformation, defense","Primarily statistical","https://lolchess.gg/synergies/set3.5/guide?hl=en"
"set3.5","Galaxies: Return to the Stars","Blademaster","Blademaster","CLASS","3/6/9","Blademasters' Basic Attacks have a chance to trigger two additional attacks against their target. These additional attacks deal damage like Basic Attacks and trigger on-hit effects.","3: 30% Chance to trigger | 6: 65% Chance to trigger | 9: 100% Chance to trigger","special","High-variance combat","https://lolchess.gg/synergies/set3.5/guide?hl=en"
"set3.5","Galaxies: Return to the Stars","Blaster","Blaster","CLASS","2/4","Every fourth Basic Attack from a Blaster fires additional attacks at random enemies. These additional attacks deal damage like Basic Attacks, trigger on-hit effects and can critically hit.","2: 3 Additional Attacks | 4: 6 Additional Attacks","offense, choice","Special combat rule","https://lolchess.gg/synergies/set3.5/guide?hl=en"
"set3.5","Galaxies: Return to the Stars","Brawler","Brawler","CLASS","2/4","Brawlers gain bonus Maximum Health.","2: 350 Bonus Health | 4: 600 Bonus Health","defense","Primarily statistical","https://lolchess.gg/synergies/set3.5/guide?hl=en"
"set3.5","Galaxies: Return to the Stars","Celestial","Celestial","ORIGIN","2/4/6","All allies heal for some of the damage they deal with spells and attacks.","2: 15% Healing | 4: 45% Healing | 6: 150% Healing","special","Special combat rule","https://lolchess.gg/synergies/set3.5/guide?hl=en"
"set3.5","Galaxies: Return to the Stars","Chrono","Chrono","ORIGIN","2/4/6/8","All allies gain 15% Attack Speed every some seconds.","2: every 8 seconds | 4: every 3 seconds | 6: every 1 seconds | 8: every 0.5 seconds","offense","Primarily statistical","https://lolchess.gg/synergies/set3.5/guide?hl=en"
"set3.5","Galaxies: Return to the Stars","Cybernetic","Cybernetic","ORIGIN","3/6","Cybernetic champions with at least one item gain Health and Attack Damage.","3: 300 Health and 35 Attack Damage | 6: 550 Health and 70 Attack Damage","defense, offense","Primarily statistical","https://lolchess.gg/synergies/set3.5/guide?hl=en"
"set3.5","Galaxies: Return to the Stars","DarkStar","Dark Star","ORIGIN","2/4/6/8","When any ally champion dies, all other allied Dark Star Champions gain Attack Damage and Spell Power","2: Attack Damage and Spell Power +8 | 4: Attack Damage and Spell Power +18 | 6: Attack Damage and Spell Power +28 | 8: Attack Damage and Spell Power +48","offense","Primarily statistical","https://lolchess.gg/synergies/set3.5/guide?hl=en"
"set3.5","Galaxies: Return to the Stars","Demolitionist","Demolitionist","CLASS","2","","2: Damage from Demolitionists' spellcasts stun their for 1.50 seconds. (Once per spellcast)","special","Special combat rule","https://lolchess.gg/synergies/set3.5/guide?hl=en"
"set3.5","Galaxies: Return to the Stars","Infiltrator","Infiltrator","CLASS","2/4/6","Innate: At the start of combat, Infiltrators move to the enemy's backline. Infiltrators gain Attack Speed for 6 seconds at the start of combat, refreshes on takedown","2: 40% Bonus Attack Speed | 4: 80% Bonus Attack Speed | 6: 150% Bonus Attack Speed","position, transformation, offense","Primarily statistical","https://lolchess.gg/synergies/set3.5/guide?hl=en"
"set3.5","Galaxies: Return to the Stars","ManaReaver","Mana-Reaver","CLASS","2","","2: Mana-Reaver attacks increase the mana cost of their target’s next spell by 30%","offense","Special combat rule","https://lolchess.gg/synergies/set3.5/guide?hl=en"
"set3.5","Galaxies: Return to the Stars","MechPilot","Mech-Pilot","ORIGIN","3","The Super-Mech has the traits of its pilots, 3random items from among them and gains 65% of the combined pilot's health and attack damage When the Super-Mech dies the Piots are ejected with 35% of thier maximun health and continue of fight","3: At the start of combat, three random mech-pilots are teleported into a super-mech","summon, defense, offense, choice","Board-changing summon","https://lolchess.gg/synergies/set3.5/guide?hl=en"
"set3.5","Galaxies: Return to the Stars","Mercenary","Mercenary","CLASS","1","","1: Innate: Upgrades for Mercenaries's spells have a chance to appear in the shop.","economy","Non-combat or mixed economy","https://lolchess.gg/synergies/set3.5/guide?hl=en"
"set3.5","Galaxies: Return to the Stars","Mystic","Mystic","CLASS","2/4","All allies gain Magic Resistance.","2: 50 Magic Resistance | 4: 120 Magic Resistance","defense","Primarily statistical","https://lolchess.gg/synergies/set3.5/guide?hl=en"
"set3.5","Galaxies: Return to the Stars","Paragon","Paragon","CLASS","1","","1: Ally Star Guardian basic attacks are converted to true damage. All other ally basic attacks are converted to magic damage.","special","Special combat rule","https://lolchess.gg/synergies/set3.5/guide?hl=en"
"set3.5","Galaxies: Return to the Stars","Protector","Protector","CLASS","2/4/6","Protectors shield themselves for 4 seconds whenever they cast a spell. This shield doesn't stack.","2: 30% Maximum Health Shield | 4: 40% Maximum Health Shield | 6: 50% Maximum Health Shield","defense","Primarily statistical","https://lolchess.gg/synergies/set3.5/guide?hl=en"
"set3.5","Galaxies: Return to the Stars","Rebel","Rebel","ORIGIN","3/6/9","At the start of combat, Rebels gain a shield and increased damage for each adjacent Rebel. The shield lasts for 8 seconds.","3: 150 Shield & 10% Damage | 6: 225 Shield & 12% Damage | 9: 400 Shield & 20% Damage","position, defense","Visible formation rule","https://lolchess.gg/synergies/set3.5/guide?hl=en"
"set3.5","Galaxies: Return to the Stars","Sniper","Sniper","CLASS","2/4","Snipers deal increased damage for each hex between themselves and their target.","2: 9% increased damage for each hex | 4: 16% increased damage for each hex","position","Visible formation rule","https://lolchess.gg/synergies/set3.5/guide?hl=en"
"set3.5","Galaxies: Return to the Stars","Sorcerer","Sorcerer","CLASS","2/4/6","All allies have increased Spell Power.","2: 20% Spell Power | 4: 40% Spell Power | 6: 70% Spell Power","special","Special combat rule","https://lolchess.gg/synergies/set3.5/guide?hl=en"
"set3.5","Galaxies: Return to the Stars","SpacePirate","Space Pirate","ORIGIN","2/4","Whenever a Space Pirate lands a killing blow on a Champion there is a chance to drop extra loot.","2: 50% for 1 gold | 4: 50% for 1 gold and 33% for a component item","economy, transformation","Non-combat or mixed economy","https://lolchess.gg/synergies/set3.5/guide?hl=en"
"set3.5","Galaxies: Return to the Stars","StarGuardian","Star Guardian","ORIGIN","3/6/9","Star Guardians' spellcasts grant Mana to other Star Guardians spread among them.","3: 15 Total Mana | 6: 25 Total Mana | 9: 60 Total Mana","offense","Special combat rule","https://lolchess.gg/synergies/set3.5/guide?hl=en"
"set3.5","Galaxies: Return to the Stars","Starship","Starship","CLASS","1","","1: Innate: Starships gain 40 Mana per second, maneuver around the board, and are immune to movement impairing effects, but can't Basic Attack.","offense","Special combat rule","https://lolchess.gg/synergies/set3.5/guide?hl=en"
"set3.5","Galaxies: Return to the Stars","Vanguard","Vanguard","CLASS","2/4/6","Vanguard champions gain bonus Armor.","2: 125 Armor | 4: 300 Armor | 6: 900 Armor","defense","Primarily statistical","https://lolchess.gg/synergies/set3.5/guide?hl=en"
"set4","Fates","Adept","Adept","CLASS","2/3/4","Adepts calm the flow of battle, reducing the Attack Speed of all enemies by 50% for a few seconds at the start of combat.","2: 2 Seconds | 3: 3.5 Seconds | 4: 6 Seconds","offense","Primarily statistical","https://lolchess.gg/synergies/set4/guide?hl=en"
"set4","Fates","Assassin","Assassin","CLASS","2/4/6","Innate: At the start of combat, Assassins leap to the enemy backline. Assassins gain bonus Critical Strike Damage and Chance, and their spells can critically strike.","2: +30% Critical Strike Damage & +10% Critical Strike Chance | 4: +60% Critical Strike Damage & +25% Critical Strike Chance | 6: +90% Critical Strike Damage & +40% Critical Strike Chance","position, offense","Special combat rule","https://lolchess.gg/synergies/set4/guide?hl=en"
"set4","Fates","Brawler","Brawler","CLASS","2/4/6/8","Brawlers gain bonus Health.","2: 400 Health | 4: 800 Health | 6: 1200 Health | 8: 1800 Health","defense","Primarily statistical","https://lolchess.gg/synergies/set4/guide?hl=en"
"set4","Fates","Cultist","Cultist","ORIGIN","3/6/9","Once your team loses 50% of their Health, Galio is summoned, slamming into the largest cluster of enemies and knocking them up. Galio's strength increases based on the total star level of all active Cultists.","3: Tyrant Galio | 6: Demon Lord Galio | 9: Supreme Overlord Galio","summon, transformation, defense","Board-changing summon","https://lolchess.gg/synergies/set4/guide?hl=en"
"set4","Fates","Dazzler","Dazzler","CLASS","2/4","Dazzlers' spells reduce the Attack Damage of enemies hit for 8 seconds.","2: 40% Attack Damage Reduction | 4: 80% Attack Damage Reduction","defense, offense","Primarily statistical","https://lolchess.gg/synergies/set4/guide?hl=en"
"set4","Fates","Divine","Divine","ORIGIN","2/4/6/8","Upon attacking 6 times or dropping below 50% Health, Divine champions remove all crowd control and ascend, taking 45% reduced damage and dealing 45% bonus true damage for the duration.","2: 3 seconds | 4: 6 seconds | 6: 9 seconds | 8: 15 seconds","position, transformation, defense","Visible formation rule","https://lolchess.gg/synergies/set4/guide?hl=en"
"set4","Fates","Duelist","Duelist","CLASS","2/4/6/8","Innate: Duelists gain bonus Movement Speed. Duelists' attacks grant Attack Speed, up to 8 stacks.","2: +12% AS per Stack | 4: +20% AS per Stack | 6: +35% AS per Stack | 8: +60% AS per Stack","offense","Primarily statistical","https://lolchess.gg/synergies/set4/guide?hl=en"
"set4","Fates","Dusk","Dusk","ORIGIN","2/4/6","Dusk champions increase all allies' Spell Power.","2: All allies gain 20% Spell Power | 4: And Dusk Champions gain an additional 50% | 6: 40% Spell Power for all, and an extra 70% for Dusk Champions","special","Special combat rule","https://lolchess.gg/synergies/set4/guide?hl=en"
"set4","Fates","Elderwood","Elderwood","ORIGIN","3/6/9","Every two seconds all Elderwood champions grow, gaining bonus stats. This effect stacks up to five times.","3: 20 Armor and MR, 5 AD and SP | 6: 30 Armor and MR, 10 AD and SP | 9: 40 Armor and MR, 20 AD and SP","position, defense","Visible formation rule","https://lolchess.gg/synergies/set4/guide?hl=en"
"set4","Fates","Emperor","Emperor","CLASS","1","","1: The Emperor deploys with two Sand Guards who can be placed anywhere on the battlefield. They do not move or attack, and die when their Emperor does.","special","Special combat rule","https://lolchess.gg/synergies/set4/guide?hl=en"
"set4","Fates","Enlightened","Enlightened","ORIGIN","2/4/6","Enlightened champions generate more Mana.","2: 40% increase | 4: 70% increase | 6: 100% increase","offense","Special combat rule","https://lolchess.gg/synergies/set4/guide?hl=en"
"set4","Fates","Exile","Exile","ORIGIN","1/2","If an Exile has no adjacent allies at the start of combat, they gain:","1: A shield equal to 50% of their maximum health | 2: And 80% Lifesteal","position, defense","Visible formation rule","https://lolchess.gg/synergies/set4/guide?hl=en"
"set4","Fates","Fortune","Fortune","ORIGIN","3/6","","3: Winning combat against a player will give bonus orbs. The longer you've gone without an orb, the bigger the payout! | 6: Wins give an extra bonus orb with rare loot.","economy","Non-combat or mixed economy","https://lolchess.gg/synergies/set4/guide?hl=en"
"set4","Fates","Hunter","Hunter","CLASS","2/3/4/5","Every few seconds, all Hunters will attack the lowest percent Health enemy, dealing bonus damage.","2: 125% damage every 3.5 seconds | 3: 150% damage every 3 seconds | 4: 175% damage every 2.5 seconds | 5: 200% damage every 2 seconds","defense","Primarily statistical","https://lolchess.gg/synergies/set4/guide?hl=en"
"set4","Fates","Keeper","Keeper","CLASS","2/4/6","At the start of combat, Keepers grant themselves and all nearby allies a shield for a duration. This shield is 50% stronger on Keepers.","2: 150 shield, 8 seconds | 4: 225 shield, 10 seconds | 6: 350 shield, 12 seconds","defense","Special combat rule","https://lolchess.gg/synergies/set4/guide?hl=en"
"set4","Fates","Mage","Mage","CLASS","3/6/9","Mages cast twice and have modified Spell Power.","3: 80% of their total Spell Power | 6: 120% of their total Spell Power | 9: 180% of their total Spell Power","special","Special combat rule","https://lolchess.gg/synergies/set4/guide?hl=en"
"set4","Fates","Moonlight","Moonlight","ORIGIN","3","At the start of combat, a number of Moonlight Champions star up once until combat ends. (Prioritizes the lowest star-level champions. If tied, champions with the most items are chosen.)","3: 1 Champion | 5: 2 Champions","special","Special combat rule","https://lolchess.gg/synergies/set4/guide?hl=en"
"set4","Fates","Mystic","Mystic","CLASS","2/4/6","All allies gain Magic Resistance.","2: 40 Magic Resistance | 4: 100 Magic Resistance | 6: 200 Magic Resistance","defense","Primarily statistical","https://lolchess.gg/synergies/set4/guide?hl=en"
"set4","Fates","Ninja","Ninja","ORIGIN","1/4","Ninjas gain bonus Attack Damage and Spell Power. This trait is only active when you have exactly 1 or 4 unique Ninjas.","1: Ninja gains +50 AD & +50% SP | 4: All Ninjas gain +140 AD & +140% SP","offense","Primarily statistical","https://lolchess.gg/synergies/set4/guide?hl=en"
"set4","Fates","Shade","Shade","CLASS","2/3/4","Innate: When combat starts, Shades teleport to the enemy backline. After every 3 attacks Shades dip into the shadows, stealthing and causing their next basic attack to deal bonus magic damage.","2: 125 bonus damage | 3: 400 bonus damage | 4: 750 bonus damage","position","Special combat rule","https://lolchess.gg/synergies/set4/guide?hl=en"
"set4","Fates","Sharpshooter","Sharpshooter","CLASS","2/4/6","Sharpshooters attacks and spells ricochet to nearby enemies dealing reduced damage.","2: 1 ricochet with 55% reduced damage | 4: 2 ricochets with 50% reduced damage | 6: 3 ricochets with 45% reduced damage","special","Special combat rule","https://lolchess.gg/synergies/set4/guide?hl=en"
"set4","Fates","Spirit","Spirit","ORIGIN","2/4","The first time a Spirit casts their spell, all allies gain Attack Speed based on the spell's mana cost.","2: 35% of mana cost | 4: 70% of mana cost","offense","Primarily statistical","https://lolchess.gg/synergies/set4/guide?hl=en"
"set4","Fates","TheBoss","The Boss","ORIGIN","1","","1: When The Boss first drops below 40% Health, he leaves combat to start doing sit-ups. Each sit-up restores 15% of his maximum Health and gives him 40% Attack and Movement Speed. If he reaches full Health he returns to combat Pumped Up: all of his attacks and spells deal true damage. If all of his allies die, he will immediately return to combat.","transformation, defense","Primarily statistical","https://lolchess.gg/synergies/set4/guide?hl=en"
"set4","Fates","Tormented","Tormented","ORIGIN","1","","1: Tormented can be transformed after participating in 3 combats, enhancing their abilities.","transformation","Visible transformation","https://lolchess.gg/synergies/set4/guide?hl=en"
"set4","Fates","Vanguard","Vanguard","CLASS","2/4/6","Vanguard champions gain bonus Armor.","2: 120 Armor | 4: 300 Armor | 6: 750 Armor | 8: 2000 Armor","defense","Primarily statistical","https://lolchess.gg/synergies/set4/guide?hl=en"
"set4","Fates","Warlord","Warlord","ORIGIN","3/6/9","Warlords have bonus Health and Spell Power. Each victorious combat they participate in increases the bonus by 10%, stacking up to 5 times.","3: 200 HP & 20 SP | 6: 450 HP & 40 SP | 9: 700 HP & 70 SP","defense","Primarily statistical","https://lolchess.gg/synergies/set4/guide?hl=en"
"set4.5","Fates: Festival of Beasts","Adept","Adept","CLASS","2/3/4","","","special","Special combat rule","https://lolchess.gg/synergies/set4.5/guide?hl=en"
"set4.5","Fates: Festival of Beasts","Assassin","Assassin","CLASS","2/4/6","","","special","Special combat rule","https://lolchess.gg/synergies/set4.5/guide?hl=en"
"set4.5","Fates: Festival of Beasts","Blacksmith","Blacksmith","CLASS","1","","","special","Special combat rule","https://lolchess.gg/synergies/set4.5/guide?hl=en"
"set4.5","Fates: Festival of Beasts","Brawler","Brawler","CLASS","2/4/6/8","","","special","Special combat rule","https://lolchess.gg/synergies/set4.5/guide?hl=en"
"set4.5","Fates: Festival of Beasts","Cultist","Cultist","ORIGIN","3/6/9","Once your team loses 50% of their Health, Galio is summoned, slamming into the largest cluster of enemies and knocking them up. Galio's strength increases based on the total star level of all active Cultists.","3: Tyrant Galio | 6: Demon Lord Galio | 9: Supreme Overlord Galio","summon, transformation, defense","Board-changing summon","https://lolchess.gg/synergies/set4.5/guide?hl=en"
"set4.5","Fates: Festival of Beasts","Daredevil","Daredevil","ORIGIN","1","","1: Daredevils seek the thrill of battle, dashing after every other attack. After every dash, they shield themselves for 20% of their max health and their next attack fires 2 shots, gaining Style. At max Style, they cast their spell. Base Style rank increases star level.","transformation, defense","Primarily statistical","https://lolchess.gg/synergies/set4.5/guide?hl=en"
"set4.5","Fates: Festival of Beasts","Divine","Divine","ORIGIN","2/4/6/8","Upon attacking 6 times or dropping below 50% Health, Divine champions remove all crowd control and ascend for 6 seconds, taking reduced damage and dealing bonus true damage for the duration.","2: 25% damage reduction and true damage | 4: 40% damage reduction and true damage | 6: 55% damage reduction and true damage | 8: 70% damage reduction and true damage","position, transformation, defense","Visible formation rule","https://lolchess.gg/synergies/set4.5/guide?hl=en"
"set4.5","Fates: Festival of Beasts","Dragonsoul","Dragonsoul","ORIGIN","3/6/9","The first Dragonsoul allies to take damage in combat receives the Dragon's Blessing. While blessed, the unit gains bonus stats, and every 5th attack fires a Dragonsoul blast, dealing 40% of the target's maximum Health in magic damage. On death, this blessing passes to the closest Dragonsoul ally without a blessing.","3: 1 Blessing, 40 AS & SP | 6: 3 Blessing, 70 AS & SP | 9: 6 Blessing, 140 AS & SP","summon, transformation, defense","Board-changing summon","https://lolchess.gg/synergies/set4.5/guide?hl=en"
"set4.5","Fates: Festival of Beasts","Duelist","Duelist","CLASS","2/4/6/8","","","special","Special combat rule","https://lolchess.gg/synergies/set4.5/guide?hl=en"
"set4.5","Fates: Festival of Beasts","Elderwood","Elderwood","ORIGIN","3/6/9","Every two seconds all Elderwood champions grow, gaining bonus stats. This effect stacks up to five times.","3: 15 Armor and MR, 5 AD and SP | 6: 20 Armor and MR, 10 AD and SP | 9: 30 Armor and MR, 15 AD and SP","position, defense","Visible formation rule","https://lolchess.gg/synergies/set4.5/guide?hl=en"
"set4.5","Fates: Festival of Beasts","Emperor","Emperor","CLASS","1","","","special","Special combat rule","https://lolchess.gg/synergies/set4.5/guide?hl=en"
"set4.5","Fates: Festival of Beasts","Enlightened","Enlightened","ORIGIN","2/4/6","Enlightened champions generate more Mana.","2: 50% increase | 4: 100% increase | 6: 150% increase","offense","Special combat rule","https://lolchess.gg/synergies/set4.5/guide?hl=en"
"set4.5","Fates: Festival of Beasts","Executioner","Executioner","CLASS","2/3/4","","","special","Special combat rule","https://lolchess.gg/synergies/set4.5/guide?hl=en"
"set4.5","Fates: Festival of Beasts","Exile","Exile","ORIGIN","1/2","If an Exile has no adjacent allies at the start of combat, they gain:","1: A shield equal to 50% of their maximum health | 2: And 80% Lifesteal","position, defense","Visible formation rule","https://lolchess.gg/synergies/set4.5/guide?hl=en"
"set4.5","Fates: Festival of Beasts","Fabled","Fabled","ORIGIN","3","","3: Fabled champion's spells are empowered from tales of their past valor.","special","Special combat rule","https://lolchess.gg/synergies/set4.5/guide?hl=en"
"set4.5","Fates: Festival of Beasts","Fortune","Fortune","ORIGIN","3/6","","3: Winning combat against a player will give bonus orbs. The longer you've gone without an orb, the bigger the payout! | 6: Wins give an extra bonus orb with rare loot.","economy","Non-combat or mixed economy","https://lolchess.gg/synergies/set4.5/guide?hl=en"
"set4.5","Fates: Festival of Beasts","Keeper","Keeper","CLASS","2/4/6","","","special","Special combat rule","https://lolchess.gg/synergies/set4.5/guide?hl=en"
"set4.5","Fates: Festival of Beasts","Mage","Mage","CLASS","3/5/7","","","special","Special combat rule","https://lolchess.gg/synergies/set4.5/guide?hl=en"
"set4.5","Fates: Festival of Beasts","Mystic","Mystic","CLASS","2/4/6","","","special","Special combat rule","https://lolchess.gg/synergies/set4.5/guide?hl=en"
"set4.5","Fates: Festival of Beasts","Ninja","Ninja","ORIGIN","1/4","Ninjas gain bonus Attack Damage and Spell Power. This trait is only active when you have exactly 1 or 4 unique Ninjas.","1: Ninja gains +50 AD & SP | 4: All Ninjas gain +140 AD & SP","offense","Primarily statistical","https://lolchess.gg/synergies/set4.5/guide?hl=en"
"set4.5","Fates: Festival of Beasts","Sharpshooter","Sharpshooter","CLASS","2/4/6","","","special","Special combat rule","https://lolchess.gg/synergies/set4.5/guide?hl=en"
"set4.5","Fates: Festival of Beasts","Slayer","Slayer","CLASS","3/6","","","special","Special combat rule","https://lolchess.gg/synergies/set4.5/guide?hl=en"
"set4.5","Fates: Festival of Beasts","Spirit","Spirit","ORIGIN","2/4","The first time a Spirit casts their spell, all allies gain Attack Speed.","2: 18% Attack Speed | 4: 30% Attack Speed","offense","Primarily statistical","https://lolchess.gg/synergies/set4.5/guide?hl=en"
"set4.5","Fates: Festival of Beasts","Syphoner","Syphoner","CLASS","2/4","","","special","Special combat rule","https://lolchess.gg/synergies/set4.5/guide?hl=en"
"set4.5","Fates: Festival of Beasts","TheBoss","The Boss","ORIGIN","1","","1: When The Boss first drops below 40% Health, he leaves combat to start doing sit-ups. Each sit-up restores 15% of his maximum Health and gives him 40% Attack Speed and Movement Speed. If he reaches full Health he returns to combat Pumped Up: all of his attacks and spells deal true damage. If all of his allies die, he will immediately return to combat.","transformation, defense, offense","Primarily statistical","https://lolchess.gg/synergies/set4.5/guide?hl=en"
"set4.5","Fates: Festival of Beasts","Vanguard","Vanguard","CLASS","2/4/6/8","","","special","Special combat rule","https://lolchess.gg/synergies/set4.5/guide?hl=en"
"set4.5","Fates: Festival of Beasts","Warlord","Warlord","ORIGIN","3/6/9","Warlords have bonus Health and Spell Power. Each victorious combat they participate in increases the bonus by 10%, stacking up to 5 times.","3: 250 HP & 25 SP | 6: 400 HP & 40 SP | 9: 700 HP & 70 SP","defense","Primarily statistical","https://lolchess.gg/synergies/set4.5/guide?hl=en"
"set5","Reckoning","Abomination","Abomination","ORIGIN","3/4/5","When 3 allied champions have died, the Monstrosity will rise from its grave. The Monstrosity receives bonus Health and Attack Damage based on allied Abomination champions' star levels. The 3 Abomination champions nearest the grave will also grant the Monstrosity a random copy of one of their items when combat starts.","3: 1000 Health, 100 Attack Damage | 4: 1600 Health, 140 Attack Damage | 5: 2200 Health, 180 Attack Damage","summon, transformation, defense, offense, choice","Primarily statistical","https://lolchess.gg/synergies/set5/guide?hl=en"
"set5","Reckoning","Assassin","Assassin","CLASS","2/4/6","Innate: When combat starts, Assassins leap to the enemy backline. Assassin's Abilities can critically strike and they gain bonus Critical Strike Chance and bonus Critical Strike Damage.","2: +10% Crit Chance and +25% Crit Damage | 4: +30% Crit Chance and +55% Crit Damage | 6: +50% Crit Chance and +90% Crit Damage","position, offense","Special combat rule","https://lolchess.gg/synergies/set5/guide?hl=en"
"set5","Reckoning","Brawler","Brawler","CLASS","2/4","Brawlers gain additional maximum Health.","2: +400 Health | 4: +1000 Health","defense","Primarily statistical","https://lolchess.gg/synergies/set5/guide?hl=en"
"set5","Reckoning","Caretaker","Caretaker","CLASS","1","","1: Caretakers deploy with a Baby Dragon that can be placed anywhere on the battlefield. The Baby Dragon gains 100% of its Caretaker's Attack Speed, and restores 80 Mana to the Caretaker upon death.","summon, transformation, offense","Board-changing summon","https://lolchess.gg/synergies/set5/guide?hl=en"
"set5","Reckoning","Cavalier","Cavalier","CLASS","2/3/4","Innate: Cavaliers charge quickly towards their target whenever they move. Cavaliers take reduced damage. At the start of combat and after each charge, this effect is doubled for 4 seconds.","2: 20% Damage Reduction | 3: 25% Damage Reduction | 4: 30% Damage Reduction","defense","Special combat rule","https://lolchess.gg/synergies/set5/guide?hl=en"
"set5","Reckoning","Coven","Coven","ORIGIN","3","","3: At the start of combat, the champion nearest to the center of your Coven champions is chosen as the Coven Leader, gaining 60% bonus Ability Power. Each time a Coven champion casts, 15% of the cost is bestowed upon the Coven Leader as Mana.","offense","Primarily statistical","https://lolchess.gg/synergies/set5/guide?hl=en"
"set5","Reckoning","Cruel","Cruel","CLASS","1","","1: A Cruel champion hungers to be alone against exactly 1 enemy left standing. Cruel champions are purchased with Little Legend Health instead of gold. They can be sold for gold, but not Health. You're welcome.","economy, defense","Non-combat or mixed economy","https://lolchess.gg/synergies/set5/guide?hl=en"
"set5","Reckoning","Dawnbringer","Dawnbringer","ORIGIN","2/4/6/8","Dawnbringers rapidly heal some of their maximum Health the first time they drop below 50%. When this occurs, all allied Dawnbringers gain 12% bonus damage.","2: 30% of Maximum Health | 4: 60% of Maximum Health | 6: 90% of Maximum Health | 8: 130% of Maximum Health","transformation, defense","Primarily statistical","https://lolchess.gg/synergies/set5/guide?hl=en"
"set5","Reckoning","Draconic","Draconic","ORIGIN","3/5","In Hyper Roll, dragon eggs hatch a lot faster!","3: At the end of each player combat, gain a dragon egg on your bench. The bigger the egg, the longer it takes to hatch, and the rarer the reward. | 5: Dragon eggs are golden! Golden eggs hatch into even rarer loot.","economy, summon","Non-combat or mixed economy","https://lolchess.gg/synergies/set5/guide?hl=en"
"set5","Reckoning","Dragonslayer","Dragonslayer","ORIGIN","2/4/6","Dragonslayers gain bonus Ability Power. After the first Dragonslayer ally scores a takedown on an enemy with at least 1400 maximum Health, all allies gain additional Ability Power for the rest of the round.","2: 30% Ability Power for Dragonslayers, 20% for team | 4: 70% Ability Power for Dragonslayers, 60% for team | 6: 140% Ability Power for Dragonslayers, 100% for team","summon, transformation, defense, offense","Board-changing summon","https://lolchess.gg/synergies/set5/guide?hl=en"
"set5","Reckoning","Eternal","Eternal","ORIGIN","1","","1: Wolf separates from Lamb, and can be placed anywhere on the battlefield. Wolf does not count toward your team size, and receives all of Lamb's stat bonuses.","special","Special combat rule","https://lolchess.gg/synergies/set5/guide?hl=en"
"set5","Reckoning","Forgotten","Forgotten","ORIGIN","3/6/9","Forgotten champions have bonus Attack Damage and Ability Power. Each Shadow item held by a Forgotten champion increases these bonuses by 15% on all Forgotten champions, stacking up to 4 times.","3: 25 Attack Damage and Ability Power | 6: 60 Attack Damage and Ability Power | 9: 120 Attack Damage and Ability Power","offense","Primarily statistical","https://lolchess.gg/synergies/set5/guide?hl=en"
"set5","Reckoning","GodKing","God-King","CLASS","1","","1: God-Kings deal 20% bonus damage to enemies who have at least one of their Rival Traits. This effect is only active when you have exactly 1 unique God-King. Garen's Rivals: Forgotten, Nightbringer, Coven, Hellion, Dragonslayer, Abomination, Revenant Darius' Rivals: Redeemed, Dawnbringer, Verdant, Draconic, Ironclad","summon","Board-changing summon","https://lolchess.gg/synergies/set5/guide?hl=en"
"set5","Reckoning","Hellion","Hellion","ORIGIN","3/5/7","Hellions gain Attack Speed. Whenever a Hellion dies, a Doppelhellion (a one less star copy) will leap from the Hellion portal and join the fight!","3: 10% Attack Speed | 5: 55% Attack Speed | 7: 130% Attack Speed","summon, offense","Primarily statistical","https://lolchess.gg/synergies/set5/guide?hl=en"
"set5","Reckoning","Invoker","Invoker","CLASS","2/4","All allies gain extra Mana from their attacks.","2: +3 Mana | 4: +6 Mana","offense","Special combat rule","https://lolchess.gg/synergies/set5/guide?hl=en"
"set5","Reckoning","Ironclad","Ironclad","ORIGIN","2/3/4","All allies gain Armor.","2: 35 Armor | 3: 85 Armor | 4: 170 Armor","defense","Primarily statistical","https://lolchess.gg/synergies/set5/guide?hl=en"
"set5","Reckoning","Knight","Knight","CLASS","2/4/6","All allies block a flat amount of damage from all sources.","2: 20 damage blocked | 4: 40 damage blocked | 6: 70 damage blocked","special","Special combat rule","https://lolchess.gg/synergies/set5/guide?hl=en"
"set5","Reckoning","Legionnaire","Legionnaire","CLASS","2/4/6/8","Legionnaires gain bonus Attack Speed, and their first attack after casting an Ability heals them for 50% of the damage dealt.","2: 25% Attack Speed | 4: 65% Attack Speed | 6: 120% Attack Speed | 8: 200% Attack Speed","offense","Primarily statistical","https://lolchess.gg/synergies/set5/guide?hl=en"
"set5","Reckoning","Mystic","Mystic","CLASS","2/3/4","All allies gain Magic Resist.","2: 40 Magic Resist | 3: 100 Magic Resist | 4: 200 Magic Resist","defense","Primarily statistical","https://lolchess.gg/synergies/set5/guide?hl=en"
"set5","Reckoning","Nightbringer","Nightbringer","ORIGIN","2/4/6/8","Nightbringers gain a shield for 8 seconds equal to a percent of their maximum Health the first time they drop below 50%. When this occurs, that Nightbringer gains bonus damage.","2: 30% shield, 20% damage | 4: 60% shield, 30% damage | 6: 90% shield, 40% damage | 8: 140% shield, 50% damage","defense","Primarily statistical","https://lolchess.gg/synergies/set5/guide?hl=en"
"set5","Reckoning","Ranger","Ranger","CLASS","2/4","Rangers gain bonus Attack Speed every 4 seconds, and lose it every 4 seconds, This effect begins 4 seconds after combat starts.","2: +75% Attack Speed | 4: +180% Attack Speed","offense","Primarily statistical","https://lolchess.gg/synergies/set5/guide?hl=en"
"set5","Reckoning","Redeemed","Redeemed","ORIGIN","3/6/9","Redeemed champions have increased Armor, Magic Resist, and Ability Power. When they die, their bonus is split among remaining Redeemed allies.","3: 30 Armor & Magic Resist, 30% Ability Power | 6: 55 Armor & Magic Resist, 55% Ability Power | 9: 95 Armor & Magic Resist, 95% Ability Power","defense, offense","Primarily statistical","https://lolchess.gg/synergies/set5/guide?hl=en"
"set5","Reckoning","Renewer","Renewer","CLASS","2/4/6","Renewers heal for a percent of their maximum Health each second. If they're full Health, they restore Mana instead.","2: 3% Health or 3% Mana | 4: 6% Health or 6% Mana | 6: 9% Health or 9% Mana","defense, offense","Primarily statistical","https://lolchess.gg/synergies/set5/guide?hl=en"
"set5","Reckoning","Revenant","Revenant","ORIGIN","2/3/4","Revenants revive after their first death each combat. Once revived, they take and deal 30% increased damage.","2: Revive with 10% Health | 3: Revive with 40% Health | 4: Revive with 75% Health","transformation, defense","Primarily statistical","https://lolchess.gg/synergies/set5/guide?hl=en"
"set5","Reckoning","Skirmisher","Skirmisher","CLASS","3/6/9","Skirmishers gain a shield at the start of combat, and bonus Attack Damage each second.","3: 25% max Health shield and +3 Attack Damage | 6: 40% max Health shield and +6 Attack Damage | 9: 75% max Health shield and +12 Attack Damage","defense, offense","Primarily statistical","https://lolchess.gg/synergies/set5/guide?hl=en"
"set5","Reckoning","Spellweaver","Spellweaver","CLASS","2/4/6","Spellweavers have bonus Ability Power, which increases whenever any champion uses an ability (up to 10 times).","2: 25% Ability Power, 2% bonus Ability Power | 4: 55% Ability Power, 5% bonus Ability Power | 6: 85% Ability Power, 8% bonus Ability Power","offense","Primarily statistical","https://lolchess.gg/synergies/set5/guide?hl=en"
"set5","Reckoning","Verdant","Verdant","ORIGIN","2/3","Champions that start combat adjacent to at least one Verdant ally are immune to crowd control for a duration.","2: 5 seconds | 3: 8 seconds","position","Visible formation rule","https://lolchess.gg/synergies/set5/guide?hl=en"
"set5.5","Reckoning: Dawn of Heroes","Abomination","Abomination","ORIGIN","3/4/5","When 2 allied champions have died, the Monstrosity will rise from its grave. The Monstrosity receives bonus Health and Attack Damage based on the stage number and allied Abomination champions' star levels. The 3 Abomination champions nearest the grave will also grant the Monstrosity a random copy of one of their items when combat starts.","3: 900 Health, 70 Attack Damage | 4: 1500 Health, 90 Attack Damage | 5: 2000 Health, 110 Attack Damage","summon, transformation, defense, offense, choice","Primarily statistical","https://lolchess.gg/synergies/set5.5/guide?hl=en"
"set5.5","Reckoning: Dawn of Heroes","Assassin","Assassin","CLASS","2/4/6","Innate: When combat starts, Assassins leap to the enemy backline. Assassin's Abilities can critically strike and they gain bonus Critical Strike Chance and bonus Critical Strike Damage.","2: +20% Crit Chance and +30% Crit Damage | 4: +40% Crit Chance and +40% Crit Damage | 6: +75% Crit Chance and +50% Crit Damage","position, offense","Special combat rule","https://lolchess.gg/synergies/set5.5/guide?hl=en"
"set5.5","Reckoning: Dawn of Heroes","Brawler","Brawler","CLASS","2/4/6","Brawlers gain additional maximum Health.","2: +400 Health | 4: +1000 Health | 6: +1600 Health","defense","Primarily statistical","https://lolchess.gg/synergies/set5.5/guide?hl=en"
"set5.5","Reckoning: Dawn of Heroes","Cannoneer","Cannoneer","CLASS","2/4/6","Every 5th Cannoneer attack is replaced with a cannon shot that deals a percent of that attack's damage in an explosion around the target as physical damage.","2: 225% damage | 4: 475% damage | 6: 1200% damage","special","Special combat rule","https://lolchess.gg/synergies/set5.5/guide?hl=en"
"set5.5","Reckoning: Dawn of Heroes","Caretaker","Caretaker","CLASS","1","","1: Caretakers deploy with a Baby Dragon that can be placed anywhere on the battlefield. The Baby Dragon gains 100% of its Caretaker's Attack Speed, and restores 80 Mana to the Caretaker upon death.","summon, transformation, offense","Board-changing summon","https://lolchess.gg/synergies/set5.5/guide?hl=en"
"set5.5","Reckoning: Dawn of Heroes","Cavalier","Cavalier","CLASS","2/3/4","Innate: Cavaliers charge quickly towards their target whenever they move. Cavaliers take reduced damage. At the start of combat and after each charge, this effect is doubled for 4 seconds.","2: 20% Damage Reduction | 3: 25% Damage Reduction | 4: 30% Damage Reduction","defense","Special combat rule","https://lolchess.gg/synergies/set5.5/guide?hl=en"
"set5.5","Reckoning: Dawn of Heroes","Cruel","Cruel","CLASS","1","","1: A Cruel champion hungers to be alone against exactly 1 enemy left standing. Cruel champions are purchased with Little Legend Health instead of gold. They can be sold for gold, but not Health. You're welcome.","economy, defense","Non-combat or mixed economy","https://lolchess.gg/synergies/set5.5/guide?hl=en"
"set5.5","Reckoning: Dawn of Heroes","Dawnbringer","Dawnbringer","ORIGIN","2/4/6/8","Dawnbringers rapidly heal some of their maximum Health the first time they drop below 50%. When this occurs, all allied Dawnbringers gain 10% bonus damage.","2: 30% of maximum Health | 4: 55% of maximum Health | 6: 80% of maximum Health | 8: 120% of maximum Health","transformation, defense","Primarily statistical","https://lolchess.gg/synergies/set5.5/guide?hl=en"
"set5.5","Reckoning: Dawn of Heroes","Draconic","Draconic","ORIGIN","3/5","In Hyper Roll, dragon eggs hatch a lot faster!","3: At the end of each player combat, gain a dragon egg on your bench. The bigger the egg, the longer it takes to hatch, and the rarer the reward. | 5: Dragon eggs are golden! Golden eggs hatch into even rarer loot.","economy, summon","Non-combat or mixed economy","https://lolchess.gg/synergies/set5.5/guide?hl=en"
"set5.5","Reckoning: Dawn of Heroes","Forgotten","Forgotten","ORIGIN","2/4/6/8","Forgotten champions have bonus Attack Damage and Ability Power. Each victorious combat they participate in increases the bonus by 10%, stacking up to 5 times.","2: 20 Attack Damage and Ability Power | 4: 40 Attack Damage and Ability Power | 6: 60 Attack Damage and Ability Power | 8: 150 Attack Damage and Ability Power","offense","Primarily statistical","https://lolchess.gg/synergies/set5.5/guide?hl=en"
"set5.5","Reckoning: Dawn of Heroes","Hellion","Hellion","ORIGIN","2/4/6/8","Hellions gain Attack Speed. Whenever a Hellion dies, a Doppelhellion (a one less star copy) will leap from the Hellion portal and join the fight!","2: 10% Attack Speed | 4: 30% Attack Speed | 6: 70% Attack Speed | 8: 125% Attack Speed","summon, offense","Primarily statistical","https://lolchess.gg/synergies/set5.5/guide?hl=en"
"set5.5","Reckoning: Dawn of Heroes","Inanimate","Inanimate","ORIGIN","1","","1: At the start of combat, Inanimate champions summon Harrowing Mist in all adjacent hexes surrounding them for 8 seconds, granting all allies within 33% damage reduction while they remain within the mist.","summon, position, defense","Visible formation rule","https://lolchess.gg/synergies/set5.5/guide?hl=en"
"set5.5","Reckoning: Dawn of Heroes","Invoker","Invoker","CLASS","2/4","All allies gain extra Mana from their attacks.","2: +3 Mana | 4: +6 Mana","offense","Special combat rule","https://lolchess.gg/synergies/set5.5/guide?hl=en"
"set5.5","Reckoning: Dawn of Heroes","Ironclad","Ironclad","ORIGIN","2/3/4","All allies gain Armor.","2: 30 Armor | 3: 70 Armor | 4: 125 Armor","defense","Primarily statistical","https://lolchess.gg/synergies/set5.5/guide?hl=en"
"set5.5","Reckoning: Dawn of Heroes","Knight","Knight","CLASS","2/4/6","All allies block a flat amount of damage from all sources.","2: 20 damage blocked | 4: 40 damage blocked | 6: 70 damage blocked","special","Special combat rule","https://lolchess.gg/synergies/set5.5/guide?hl=en"
"set5.5","Reckoning: Dawn of Heroes","Legionnaire","Legionnaire","CLASS","2/4/6/8","Legionnaires have bonus Attack Speed and heal for a portion of the damage they deal with attacks and Abilities","2: 25% Attack Speed, 15% Heal | 4: 70% Attack Speed, 20% Heal | 6: 135% Attack Speed, 25% Heal | 8: 250% Attack Speed, 35% Heal","offense","Primarily statistical","https://lolchess.gg/synergies/set5.5/guide?hl=en"
"set5.5","Reckoning: Dawn of Heroes","Mystic","Mystic","CLASS","2/3/4/5","All allies gain Magic Resist.","2: 40 Magic Resist | 3: 80 Magic Resist | 4: 175 Magic Resist | 5: 300 Magic Resist","defense","Primarily statistical","https://lolchess.gg/synergies/set5.5/guide?hl=en"
"set5.5","Reckoning: Dawn of Heroes","Nightbringer","Nightbringer","ORIGIN","2/4/6/8","Nightbringers gain a shield for 8 seconds equal to a percent of their maximum Health the first time they drop below 50%. When this occurs, that Nightbringer gains bonus damage.","2: 30% Shield, 20% Damage | 4: 60% Shield, 30% Damage | 6: 90% Shield, 40% Damage | 8: 140% Shield, 50% Damage","defense","Primarily statistical","https://lolchess.gg/synergies/set5.5/guide?hl=en"
"set5.5","Reckoning: Dawn of Heroes","Ranger","Ranger","CLASS","2/4/6","Every 4 seconds Rangers gain increased Attack Speed that lasts 4 seconds. This effect begins 4 seconds after combat starts.","2: +80% Attack Speed | 4: +200% Attack Speed | 6: +500% Attack Speed","offense","Primarily statistical","https://lolchess.gg/synergies/set5.5/guide?hl=en"
"set5.5","Reckoning: Dawn of Heroes","Redeemed","Redeemed","ORIGIN","3/6/9","Redeemed champions have increased Armor, Magic Resist, and Ability Power. When they die, their bonus is split among remaining Redeemed allies.","3: 20 Armor & Magic Resist, 30 Ability Power | 6: 35 Armor & Magic Resist, 60 Ability Power | 9: 70 Armor & Magic Resist, 100 Ability Power","defense, offense","Primarily statistical","https://lolchess.gg/synergies/set5.5/guide?hl=en"
"set5.5","Reckoning: Dawn of Heroes","Renewer","Renewer","CLASS","2/4/6","Renewers heal for a percent of their maximum Health each second. If they're full Health, they restore Mana instead.","2: 4% Health or 4% Mana | 4: 7% Health or 7% Mana | 6: 10% Health or 10% Mana","defense, offense","Primarily statistical","https://lolchess.gg/synergies/set5.5/guide?hl=en"
"set5.5","Reckoning: Dawn of Heroes","Revenant","Revenant","ORIGIN","2/3/4/5","Revenants revive after their first death each combat. Once revived, they take and deal 25% increased damage.","2: Revive with 10% Health | 3: Revive with 25% Health | 4: Revive with 45% Health | 5: Revive with 70% Health","transformation, defense","Primarily statistical","https://lolchess.gg/synergies/set5.5/guide?hl=en"
"set5.5","Reckoning: Dawn of Heroes","Sentinel","Sentinel","ORIGIN","3/6/9","At start of combat, the Sentinel with the most items (ties broken by highest Attack Speed) gains a shield that grants stacking Attack Speed. When it is destroyed or expires, it will bounce to the ally with the lowest percent Health and renew. The Attack Speed bonus persists between shield bounces.","3: 175 Shield, +20% Attack Speed, 4 sec duration | 6: 800 Shield, +80% Attack Speed, 2 sec duration | 9: 2000 Shield, +600% Attack Speed, 1 sec duration","defense, offense","Primarily statistical","https://lolchess.gg/synergies/set5.5/guide?hl=en"
"set5.5","Reckoning: Dawn of Heroes","Skirmisher","Skirmisher","CLASS","3/6/9","Skirmishers gain a shield at the start of combat, and bonus Attack Damage each second.","3: 20% max Health shield and +4 Attack Damage | 6: 50% max Health shield and +10 Attack Damage | 9: 100% max Health shield and +20 Attack Damage","defense, offense","Primarily statistical","https://lolchess.gg/synergies/set5.5/guide?hl=en"
"set5.5","Reckoning: Dawn of Heroes","Spellweaver","Spellweaver","CLASS","2/4/6","Spellweavers have bonus Ability Power, which increases whenever any champion uses an ability, until the end of combat.","2: 15 Ability Power, 2 bonus Ability Power | 4: 35 Ability Power, 4 bonus Ability Power | 6: 70 Ability Power, 8 bonus Ability Power","offense","Primarily statistical","https://lolchess.gg/synergies/set5.5/guide?hl=en"
"set5.5","Reckoning: Dawn of Heroes","Victorious","Victorious","ORIGIN","1","","1: When Victorious champions score a kill, their next attack is empowered to deal 40% of the target's missing Health as bonus magic damage.","transformation, defense","Primarily statistical","https://lolchess.gg/synergies/set5.5/guide?hl=en"
"set6","Gizmos & Gadgets","Academy","Academy","ORIGIN","2/4/6/8","Academics have bonus Attack Damage and Ability Power. They also learn from their allies, gaining and additional bonus whenever an ally casts their Ability.","2: 18 Attack Damage and Ability Power; 3 from allies' casts | 4: 40 Attack Damage and Ability Power; 5 from allies' casts | 6: 50 Attack Damage and Ability Power; 10 from allies' casts | 8: 70 Attack Damage and Ability Power; 15 from allies' casts","offense","Primarily statistical","https://lolchess.gg/synergies/set6/guide?hl=en"
"set6","Gizmos & Gadgets","Arcanist","Arcanist","CLASS","2/4/6/8","Arcanists increase the Ability Power of your team.","2: Your team gains 20% Ability Power | 4: Your team gains 20% Ability Power, Arcanists gain 40% | 6: Your team gains 50% Ability Power, Arcanists gain 50% | 8: Your team gains 145% Ability Power.","offense","Primarily statistical","https://lolchess.gg/synergies/set6/guide?hl=en"
"set6","Gizmos & Gadgets","Assassin","Assassin","CLASS","2/4/6","Innate: When combat starts, Assassins leap to the enemy backline. Assassins' Abilities can critically strike and they gain bonus Critical Strike Chance and bonus Critical Strike Damage.","2: +10% Crit Chance and +20% Crit Damage | 4: +30% Crit Chance and +40% Crit Damage | 6: +50% Crit Chance and +60% Crit Damage","position, offense","Special combat rule","https://lolchess.gg/synergies/set6/guide?hl=en"
"set6","Gizmos & Gadgets","Bodyguard","Bodyguard","CLASS","2/4/6/8","Bodyguards have increased Armor. Shortly after combat begins, Bodyguards gain a Shield and taunt adjacent enemies, forcing them to attack the Bodyguard.","2: 80 Armor, 150 Shield | 4: 160 Armor, 350 Shield | 6: 250 Armor, 700 Shield | 8: 450 Armor, 1200 Shield","position, defense","Visible formation rule","https://lolchess.gg/synergies/set6/guide?hl=en"
"set6","Gizmos & Gadgets","Bruiser","Bruiser","CLASS","2/4/6/8","Your team gains bonus maximum Health. Bruisers gain double the bonus.","2: 125 Health | 4: 225 Health | 6: 400 Health | 8: 700 Health","defense","Primarily statistical","https://lolchess.gg/synergies/set6/guide?hl=en"
"set6","Gizmos & Gadgets","Challenger","Challenger","CLASS","2/4/6/8","Challengers get bonus Attack Speed. Upon scoring a takedown, Challengers dash to a new target and double this bonus for 2.5 seconds.","2: 30% Attack Speed | 4: 55% Attack Speed | 6: 80% Attack Speed | 8: 130% Attack Speed","transformation, offense","Primarily statistical","https://lolchess.gg/synergies/set6/guide?hl=en"
"set6","Gizmos & Gadgets","Chemtech","Chemtech","ORIGIN","3/5/7/9","After dropping below 75% Health, Chemtech champions gain 20% damage reduction, Attack Speed, and regenerate % of their maximum Health for 8 seconds.","3: 15% Attack Speed, 3% Health Regeneration | 5: 50% Attack Speed, 5% Health Regeneration | 7: 90% Attack Speed, 8% Health Regeneration | 9: 135% Attack Speed, 15% Health Regeneration","transformation, defense, offense","Primarily statistical","https://lolchess.gg/synergies/set6/guide?hl=en"
"set6","Gizmos & Gadgets","Clockwork","Clockwork","ORIGIN","2/4/6","Your team has increased Attack Speed, with an increase per augment in the Hexcore.","2: 10% Attack Speed + 5% per augment. | 4: 35% Attack Speed + 10% per augment. | 6: 70% Attack Speed + 15% per augment.","position, offense","Visible formation rule","https://lolchess.gg/synergies/set6/guide?hl=en"
"set6","Gizmos & Gadgets","Colossus","Colossus","CLASS","2","Innate: Colossi are bigger, more powerful, and immune to crowd control effects. However, each Colossus requires 2 team slots.","2: Colossus champions take 25% less damage.","position","Visible formation rule","https://lolchess.gg/synergies/set6/guide?hl=en"
"set6","Gizmos & Gadgets","Cuddly","Cuddly","ORIGIN","1","","1: At the start of combat, Yuumi attaches herself to the nearest ally, or to the lowest Health ally after being unattached for 2 seconds. Attaching to an ally grants them a shield equal to 60% of Yuumi's maximum Health. Yuumi detaches if the shield breaks. While attached, Yuumi is untargetable and cannot attack, but gains 5 Mana per second, and 10 Mana whenever the ally attacks.","defense, offense","Primarily statistical","https://lolchess.gg/synergies/set6/guide?hl=en"
"set6","Gizmos & Gadgets","Enchanter","Enchanter","CLASS","2/3/4/5","Your team has bonus Magic Resist. Enchanters gain bonus healing and shielding.","2: +20 Magic Resist; 25% healing and shielding | 3: +35 Magic Resist; 40% healing and shielding | 4: +50 Magic Resist; 60% healing and shielding | 5: +75 Magic Resist; 100% healing and shielding","defense","Primarily statistical","https://lolchess.gg/synergies/set6/guide?hl=en"
"set6","Gizmos & Gadgets","Enforcer","Enforcer","ORIGIN","2/4","Enforcers stun enemies at the start of combat. They break free after 5 seconds, or after losing 40% or their maximum Health. Enforcers will not try to stun enemies who are immune to crowd control effects.","2: The enemy who has the most Health | 4: And the enemy who dealt the most damage last combat","position, defense","Visible formation rule","https://lolchess.gg/synergies/set6/guide?hl=en"
"set6","Gizmos & Gadgets","Glutton","Glutton","ORIGIN","1","","1: An ally can be fed to Tahm Kench once per planning phase, permanently granting him either Attack Damage, Ability Power, Health, Armor, or Magic Resist. To feed, hold an ally over Tahm Kench until his mouth opens, then release.","defense, offense","Primarily statistical","https://lolchess.gg/synergies/set6/guide?hl=en"
"set6","Gizmos & Gadgets","Imperial","Imperial","ORIGIN","3/5","At the start of combat, the Imperial who dealt the most damage last combat becomes the Tyrant. The Tyrant deals bonus damage. When the Tyrant dies, the Imperial who has dealt the most damage this combat becomes the new Tyrant.","3: The Tyrant deals 75% bonus damage | 5: The Tyrant deals 135% bonus damage and the other Imperials deal 75% bonus damage","special","Special combat rule","https://lolchess.gg/synergies/set6/guide?hl=en"
"set6","Gizmos & Gadgets","Innovator","Innovator","CLASS","3/5/7","Innovators build a mechanical companion to join the battle. The companion receives bonus Health and Attack Damage based on allied Innovators' star levels.","3: Mechanical Scarab | 5: Mechanical Bear | 7: Mechanical Dragon","summon, transformation, defense, offense","Board-changing summon","https://lolchess.gg/synergies/set6/guide?hl=en"
"set6","Gizmos & Gadgets","Mercenary","Mercenary","ORIGIN","3/5/7","Gain a treasure chest that opens when you win combat against a player. At the start of each planning phase vs a player, dice rolls add loot to the chest. The longer you've gone without opening the chest, the luckier the dice.","3: Roll 2 dice | 5: The dice are even luckier! | 7: Upon winning, roll a 3rd dice that grants bonus loot.","economy","Non-combat or mixed economy","https://lolchess.gg/synergies/set6/guide?hl=en"
"set6","Gizmos & Gadgets","Mutant","Mutant","ORIGIN","3/5","Mutants gain unique bonuses. These are different each game. Voidborne: (3) Mutants execute targets they damage who are below 20% Health. (5) And Mutants deal 40% of their damage as true damage. Bio-Leeching: Your team gains Omnivamp (healing for a percentage of all damage dealt). (3) 30% Omnivamp (5) 55% Omnivamp Voracious Appetite: Mutants grow stronger each time an ally dies. (3) +20 Attack Damage and Ability Power (5) +30 Attack Damage and Ability Power Synaptic Web: The Abilities of Mutants cost less to cast. (Minimum 10 Mana) (3) 20 Mana less (5) 40 Mana less ----------------------------------------- Adrenaline Rush: Mutants' attacks have a chance to trigger 2 additional attacks against their target. (3) 40% chance (5) 75% chance ----------------------------------------- Cybernetic Enhancement: Mutants with at least 1 item gain bonus stats. (3) 450 Health and 30 Attack Damage (5) 900 Health and 60 Attack Damage Metamorphosis: Mutants grow every 2 seconds, gaining bonuses that stack up to 5 times. (3) +18 Armor and Magic Resist, +2 Attack Damage and Ability Power (5) +25 Armor and Magic Resist, +4 Attack Damage and Ability Power","3: ??? (Randomly selected per game) | 5: ??? (Randomly selected per game)","position, transformation, defense, offense, choice","High-variance combat","https://lolchess.gg/synergies/set6/guide?hl=en"
"set6","Gizmos & Gadgets","Protector","Protector","CLASS","2/3/4/5","Protectors shield themselves for 4 seconds whenever they cast an Ability. This shield doesn't stack.","2: 20% maximum Health shield | 3: 35% maximum Health shield | 4: 45% maximum Health shield | 5: 60% maximum Health shield","defense","Primarily statistical","https://lolchess.gg/synergies/set6/guide?hl=en"
"set6","Gizmos & Gadgets","Scholar","Scholar","CLASS","2/4/6","Your team gains Mana every 2 seconds.","2: 5 Mana | 4: 10 Mana | 6: 20 Mana","offense","Special combat rule","https://lolchess.gg/synergies/set6/guide?hl=en"
"set6","Gizmos & Gadgets","Scrap","Scrap","ORIGIN","2/4/6","At the start of combat, components held by Scrap champions turn into full items for the rest of combat. Also, your team gains a shield for each component equipped by your team, including those that are part of a full item.","2: 1 component, 20 shield | 4: 3 components, 40 shield | 6: All components, 60 shield","economy, defense","Non-combat or mixed economy","https://lolchess.gg/synergies/set6/guide?hl=en"
"set6","Gizmos & Gadgets","Sister","Sister","ORIGIN","2","","2: Sisters gain empowered skills to compete with each other. Vi's Ability range increases by 2 hexes. Jinx gains 40% Attack Speed for 3 seconds after scoring a takedown.","position, transformation, offense","Visible formation rule","https://lolchess.gg/synergies/set6/guide?hl=en"
"set6","Gizmos & Gadgets","Sniper","Sniper","CLASS","2/4/6","Innate: Snipers gain 1 hex Attack Range. Snipers deal bonus damage for each hex between themselves and their target.","2: 8% bonus damage | 4: 16% bonus damage | 6: 30% bonus damage","position","Visible formation rule","https://lolchess.gg/synergies/set6/guide?hl=en"
"set6","Gizmos & Gadgets","Socialite","Socialite","ORIGIN","1/2/3","Socialite reveal a spotlight on the battlefield. The unit standing in the spotlight at the start of combat gains unique bonuses.","1: 20% bonus damage | 2: and 4 Mana per second | 3: and heal for 33% of all damage they deal","offense","Special combat rule","https://lolchess.gg/synergies/set6/guide?hl=en"
"set6","Gizmos & Gadgets","Syndicate","Syndicate","ORIGIN","3/5/7","Certain allies are cloaked in shadows, gaining 55 Armor, 55 Magic Resist and 20% Omnivamp (healing for a percentage of all damage dealt.)","3: The Syndicate champion with the lowest percent Health | 5: All Syndicate champions | 7: Your whole team, and the effects are increased by 60%","defense, offense","Primarily statistical","https://lolchess.gg/synergies/set6/guide?hl=en"
"set6","Gizmos & Gadgets","Transformer","Transformer","CLASS","1","","1: Jayce adopts melee form when placed in the front 2 rows, and ranged form in the back 2 rows.","position","Visible formation rule","https://lolchess.gg/synergies/set6/guide?hl=en"
"set6","Gizmos & Gadgets","Twinshot","Twinshot","CLASS","2/4/6","Twinshots gain bonus Attack Damage. When a Twinshot attacks, they have a chance to attack twice instead.","2: 5 Attack Damage, 40% chance | 4: 40 Attack Damage, 70% chance | 6: 80 Attack Damage, 100% chance","offense","High-variance combat","https://lolchess.gg/synergies/set6/guide?hl=en"
"set6","Gizmos & Gadgets","Yordle","Yordle","ORIGIN","3/6","","3: After each player combat, a random Yordle is added to your bench for free. | 6: And Yordle's Abilities cost 25% less to cast.","choice","Special combat rule","https://lolchess.gg/synergies/set6/guide?hl=en"
"set6","Gizmos & Gadgets","YordleLord","Yordle-Lord","ORIGIN","1","","1: Benefits from the Yordle trait. Veigar is summoned from a Yordle Portal when every Yordle is 3-star.","summon","Board-changing summon","https://lolchess.gg/synergies/set6/guide?hl=en"
"set6.5","Gizmos & Gadgets: Neon Nights","Arcanist","Arcanist","CLASS","2/4/6/8","Arcanists increase the Ability Power of your team.","2: Your team gains 20 Ability Power | 4: Your team gains 20 Ability Power, Arcanists gain an additional 30 | 6: Your team gains 50 Ability Power, Arcanists gain an additional 50 | 8: Your team gains 150 Ability Power.","offense","Primarily statistical","https://lolchess.gg/synergies/set6.5/guide?hl=en"
"set6.5","Gizmos & Gadgets: Neon Nights","Assassin","Assassin","CLASS","2/4/6","Innate: When combat starts, Assassins leap to the enemy backline. Assassins' Abilities can critically strike and they gain bonus Critical Strike Chance and bonus Critical Strike Damage.","2: +10% Crit Chance and +20% Crit Damage | 4: +30% Crit Chance and +40% Crit Damage | 6: +60% Crit Chance and +75% Crit Damage","position, offense","Special combat rule","https://lolchess.gg/synergies/set6.5/guide?hl=en"
"set6.5","Gizmos & Gadgets: Neon Nights","Bodyguard","Bodyguard","CLASS","2/4/6/8","Bodyguards have increased Armor. Shortly after combat begins, Bodyguards gain a shield and taunt adjacent enemies, forcing them to attack the Bodyguard.","2: 80 Armor, 200 shield | 4: 160 Armor, 400 shield | 6: 250 Armor, 800 shield | 8: 450 Armor, 1800 shield","position, defense","Visible formation rule","https://lolchess.gg/synergies/set6.5/guide?hl=en"
"set6.5","Gizmos & Gadgets: Neon Nights","Bruiser","Bruiser","CLASS","2/4/6/8","Your team gains bonus maximum Health. Bruisers gain double the bonus.","2: 125 Health | 4: 225 Health | 6: 450 Health | 8: 800 Health","defense","Primarily statistical","https://lolchess.gg/synergies/set6.5/guide?hl=en"
"set6.5","Gizmos & Gadgets: Neon Nights","Challenger","Challenger","CLASS","2/4/6/8","Challengers get bonus Attack Speed. Upon scoring a takedown, Challengers dash to a new target and double this bonus for 2.5 seconds.","2: 25% Attack Speed | 4: 50% Attack Speed | 6: 85% Attack Speed | 8: 160% Attack Speed","transformation, offense","Primarily statistical","https://lolchess.gg/synergies/set6.5/guide?hl=en"
"set6.5","Gizmos & Gadgets: Neon Nights","Chemtech","Chemtech","ORIGIN","3/5/7/9","After dropping below 75% Health, Chemtech champions become chem-powered, gaining Attack Speed, 15% damage reduction, and regenerating a percentage of their maximum Health each second for 8 seconds.","3: 15% Attack Speed, 4% Health Regeneration | 5: 40% Attack Speed, 8% Health Regeneration | 7: 90% Attack Speed, 15% Health Regeneration | 9: 200% Attack Speed, 25% Health Regeneration","transformation, defense, offense","Primarily statistical","https://lolchess.gg/synergies/set6.5/guide?hl=en"
"set6.5","Gizmos & Gadgets: Neon Nights","Clockwork","Clockwork","ORIGIN","2/4/6","Your team has increased Attack Speed, with an additional increase per augment in the Hexcore.","2: 10% Attack Speed + 5% per augment | 4: 35% Attack Speed + 10% per augment | 6: 70% Attack Speed + 15% per augment","position, offense","Visible formation rule","https://lolchess.gg/synergies/set6.5/guide?hl=en"
"set6.5","Gizmos & Gadgets: Neon Nights","Colossus","Colossus","CLASS","2/3","Innate: Colossi are bigger and more powerful. They gain 800 bonus Health and immunity to crowd control effects. However, each Colossus requires 2 team slots.","2: Colossus champions take 25% less damage. | 3: Colossus champions get 1888 additional Health","position, defense","Visible formation rule","https://lolchess.gg/synergies/set6.5/guide?hl=en"
"set6.5","Gizmos & Gadgets: Neon Nights","Debonair","Debonair","ORIGIN","3/5/7","Debonair champions gain bonus Health and Ability Power, and you have a higher chance to see Debonair VIPs in your Shop. If there is a Debonair VIP in play, they activate their unique bonus. Sell the old VIP for a chance to see a new one in your Shop.","3: 200 Health, 20 Ability Power | 5: 450 Health, 45 Ability Power | 7: 800 Health, 80 Ability Power","economy, defense, offense","Non-combat or mixed economy","https://lolchess.gg/synergies/set6.5/guide?hl=en"
"set6.5","Gizmos & Gadgets: Neon Nights","Enchanter","Enchanter","CLASS","2/3/4/5","Your team has bonus Magic Resist. Enchanters gain bonus healing and shielding.","2: 25 Magic Resist; 25% healing and shielding | 3: 50 Magic Resist; 50% healing and shielding | 4: 80 Magic Resist; 80% healing and shielding | 5: 125 Magic Resist; 125% healing and shielding","defense","Primarily statistical","https://lolchess.gg/synergies/set6.5/guide?hl=en"
"set6.5","Gizmos & Gadgets: Neon Nights","Enforcer","Enforcer","ORIGIN","3/5","","3: At the start of combat, Enforcers stun enemies who has the most Health. The target breaks free after 4 seconds, or after losing 40% or their maximum Health. Enforcers will not try to stun enemies who are immune to crowd control effects. | 5: Enforcers gain 100% Attack Speed","position, defense, offense","Visible formation rule","https://lolchess.gg/synergies/set6.5/guide?hl=en"
"set6.5","Gizmos & Gadgets: Neon Nights","Glutton","Glutton","ORIGIN","1","","1: An ally from the bench can be fed to Tahm Kench once per planning phase, permanently granting him either Ability Power, Health, Armor, or Magic Resist. To feed, hold an ally from the bench over Tahm Kench until his mouth opens, then release.","defense, offense","Primarily statistical","https://lolchess.gg/synergies/set6.5/guide?hl=en"
"set6.5","Gizmos & Gadgets: Neon Nights","Hextech","Hextech","ORIGIN","2/4/6/8","At the start of combat and every 6 seconds afterwards, the Hexcore sends out a pulse that charges up allied Hextech champions with a shield for 4 seconds (does not stack). While the shield is active, attacks deal bonus magic damage on hit. Additionally, the shield and bonus magic damage are 20% stronger for each augment in the Hexcore.","2: 100 shield, 15 magic damage | 4: 175 shield, 30 magic damage | 6: 300 shield, 55 magic damage | 8: 425 shield, 90 magic damage","position, defense","Visible formation rule","https://lolchess.gg/synergies/set6.5/guide?hl=en"
"set6.5","Gizmos & Gadgets: Neon Nights","Innovator","Innovator","CLASS","3/5/7","Innovators build a mechanical companion to join the battle. The companion receives bonus Health and Attack Damage based on allied Innovators' star levels.","3: Mechanical Scarab | 5: Mechanical Bear | 7: Mechanical Dragon","summon, transformation, defense, offense","Board-changing summon","https://lolchess.gg/synergies/set6.5/guide?hl=en"
"set6.5","Gizmos & Gadgets: Neon Nights","Mastermind","Mastermind","ORIGIN","1","","1: At the start of combat, the Mastermind grants the 2 allies directly in front of him 30 Mana (this effect does not stack).","position, offense","Special combat rule","https://lolchess.gg/synergies/set6.5/guide?hl=en"
"set6.5","Gizmos & Gadgets: Neon Nights","Mercenary","Mercenary","ORIGIN","3/5/7","Gain a treasure chest that opens when you win combat against a player. At the start of each planning phase vs a player, dice rolls add loot to the chest. The longer you've gone without opening the chest, the luckier the dice.","3: Roll 2 dice | 5: The dice are even luckier! | 7: Upon winning, roll a 3rd die that grants bonus loot.","economy","Non-combat or mixed economy","https://lolchess.gg/synergies/set6.5/guide?hl=en"
"set6.5","Gizmos & Gadgets: Neon Nights","Mutant","Mutant","ORIGIN","3/5/7","Mutants gain unique bonuses. These are different each game. Voidborne: (3) Mutants execute targets they damage who are below 20% Health. (5) And Mutants deal 40% of their damage as true damage. (7) And Mutants deal 80% of their damage as true damage. ----------------------------------------- Bio-Leeching: Your team gains Omnivamp (healing for a percentage of all damage dealt). (3) 30% Omnivamp (5) 65% Omnivamp (7) 100% Omnivamp ----------------------------------------- Voracious Appetite: Mutants grow stronger each time an ally dies. (3) +18 Attack Damage and Ability Power (5) +25 Attack Damage and Ability Power (7) +35 Attack Damage and Ability Power ----------------------------------------- Synaptic Web: The Abilities of Mutants cost less to cast. (Minimum 10 Mana) (3) 20 Mana less (5) 40 Mana less (7) 40 Mana less, and gain 50 bonus Ability Power ----------------------------------------- Adrenaline Rush: Mutants' attacks have a chance to trigger 2 additional attacks against their target. (3) 40% chance (5) 75% chance (7) 100% chance, and gain 40 bonus Attack Damage ----------------------------------------- Cybernetic Enhancement: Mutants with at least 1 item gain bonus stats. (3) 450 Health and 30 Attack Damage (5) 800 Health and 60 Attack Damage (7) 1250 Health and 90 Attack Damage ----------------------------------------- Metamorphosis: Mutants grow every 2 seconds, gaining bonuses that stack up to 5 times. (3) +18 Armor and Magic Resist, +2 Attack Damage and Ability Power (5) +25 Armor and Magic Resist, +4 Attack Damage and Ability Power (7) +35 Armor and Magic Resist, +7 Attack Damage and Ability Power","3: ??? (Randomly selected per game) | 5: ??? (Randomly selected per game) | 7: ??? (Randomly selected per game)","position, transformation, defense, offense, choice","High-variance combat","https://lolchess.gg/synergies/set6.5/guide?hl=en"
"set6.5","Gizmos & Gadgets: Neon Nights","Rival","Rival","ORIGIN","1","","1: This trait is only active when you have exactly 1 unique Rival unit, as Rivals refuse to work together. Vi's mana cost is reduced by 20. Jinx gains 40% Attack Speed for 3 seconds after scoring a takedown.","transformation, offense","Primarily statistical","https://lolchess.gg/synergies/set6.5/guide?hl=en"
"set6.5","Gizmos & Gadgets: Neon Nights","Scholar","Scholar","CLASS","2/4/6","Your team gains Mana every 2 seconds.","2: 5 Mana | 4: 15 Mana | 6: 30 Mana","offense","Special combat rule","https://lolchess.gg/synergies/set6.5/guide?hl=en"
"set6.5","Gizmos & Gadgets: Neon Nights","Scrap","Scrap","ORIGIN","2/4/6","At the start of combat, components held by Scrap champions turn into full items for the rest of combat. Also, your team gains a shield for each component equipped by your team, including those that are part of a full item.","2: 1 component, 20 shield | 4: 3 components, 30 shield | 6: All components, 50 shield","economy, defense","Non-combat or mixed economy","https://lolchess.gg/synergies/set6.5/guide?hl=en"
"set6.5","Gizmos & Gadgets: Neon Nights","Sniper","Sniper","CLASS","2/4/6","Innate: Snipers gain 1 hex Attack Range. Snipers deal bonus damage for each hex between themselves and their target.","2: 8% bonus damage | 4: 16% bonus damage | 6: 30% bonus damage","position","Visible formation rule","https://lolchess.gg/synergies/set6.5/guide?hl=en"
"set6.5","Gizmos & Gadgets: Neon Nights","Socialite","Socialite","ORIGIN","1/2/3/5","Socialites reveal a spotlight on the battlefield. The unit standing in the spotlight at the start of combat gains unique bonuses.","1: 18% bonus damage | 2: and 4 Mana per second | 3: and heal for 33% of all damage they deal | 5: all of the bonuses are doubled","offense","Special combat rule","https://lolchess.gg/synergies/set6.5/guide?hl=en"
"set6.5","Gizmos & Gadgets: Neon Nights","Striker","Striker","CLASS","2/4/6","Strikers gain bonus Attack Damage.","2: +30 Attack Damage | 4: +70 Attack Damage | 6: +120 Attack Damage","offense","Primarily statistical","https://lolchess.gg/synergies/set6.5/guide?hl=en"
"set6.5","Gizmos & Gadgets: Neon Nights","Syndicate","Syndicate","ORIGIN","3/5/7","Certain allies are cloaked in shadows, gaining 50 Armor, 50 Magic Resist and 20% Omnivamp (healing for a percentage of all damage dealt.)","3: The Syndicate champion with the lowest percent Health | 5: All Syndicate champions | 7: Your whole team, and the effects are increased by 50%","defense, offense","Primarily statistical","https://lolchess.gg/synergies/set6.5/guide?hl=en"
"set6.5","Gizmos & Gadgets: Neon Nights","Transformer","Transformer","CLASS","1","","1: Jayce adopts melee form when placed in the front 2 rows, and ranged form in the back 2 rows.","position","Visible formation rule","https://lolchess.gg/synergies/set6.5/guide?hl=en"
"set6.5","Gizmos & Gadgets: Neon Nights","Twinshot","Twinshot","CLASS","2/3/4/5","Twinshots gain bonus Attack Damage and have a chance to fire twice whenever they attack or cast an Ability.","2: 10 Attack Damage, 40% chance | 3: 25 Attack Damage, 55% chance | 4: 50 Attack Damage, 75% chance | 5: 80 Attack Damage, 100% chance","offense","High-variance combat","https://lolchess.gg/synergies/set6.5/guide?hl=en"
"set6.5","Gizmos & Gadgets: Neon Nights","Yordle","Yordle","ORIGIN","3/6","","3: After each player combat, a random Yordle is added to your bench for free. | 6: And Yordle's Abilities cost 40% less to cast.","choice","Special combat rule","https://lolchess.gg/synergies/set6.5/guide?hl=en"
"set6.5","Gizmos & Gadgets: Neon Nights","YordleLord","Yordle-Lord","ORIGIN","1","","1: Benefits from the Yordle trait. Veigar is summoned from a Yordle Portal when every Yordle is 3-star.","summon","Board-changing summon","https://lolchess.gg/synergies/set6.5/guide?hl=en"
"set7","Dragonlands","Assassin","Assassin","CLASS","2/4/6","Innate: When combat starts, Assassins leap to the enemy backline. Assassins' Abilities can critically strike and they gain bonus Critical Strike Chance and bonus Critical Strike Damage.","2: +15% Crit Chance and +5% Crit Damage | 4: +30% Crit Chance and +25% Crit Damage | 6: +45% Crit Chance and +45% Crit Damage","position, offense","Special combat rule","https://lolchess.gg/synergies/set7/guide?hl=en"
"set7","Dragonlands","Astral","Astral","ORIGIN","3/6/9","Every 5th Shop has increased odds to show Astral champions, and also grants an Astral orb. Your team gains bonus Ability Power.","3: 10 Ability Power | 6: 40 Ability Power; orb value increases | 9: 80 Ability Power; orbs may contain components","economy, offense","Non-combat or mixed economy","https://lolchess.gg/synergies/set7/guide?hl=en"
"set7","Dragonlands","Bard","Bard","CLASS","1","","1: Allies that survive player combat have a 2% chance to create a Doot. Bard always creates a Doot when dancing. Each Doot you collect increases your Shop odds for higher-tier champions by 1%.","economy","Non-combat or mixed economy","https://lolchess.gg/synergies/set7/guide?hl=en"
"set7","Dragonlands","Bruiser","Bruiser","CLASS","2/4/6/8","Your team gains bonus maximum Health. Bruisers gain double this bonus.","2: 200 Health | 4: 325 Health | 6: 500 Health | 8: 800 Health","defense","Primarily statistical","https://lolchess.gg/synergies/set7/guide?hl=en"
"set7","Dragonlands","Cannoneer","Cannoneer","CLASS","2/3/4/5","Every 5th attack fires a cannon shot that explodes for physical damage around the target.","2: 125% Attack Damage | 3: 225% Attack Damage | 4: 325% Attack Damage | 5: 425% Attack Damage","offense","Primarily statistical","https://lolchess.gg/synergies/set7/guide?hl=en"
"set7","Dragonlands","Cavalier","Cavalier","CLASS","2/3/4/5","Innate: Charge quickly towards their target whenever they move. Cavaliers gain Armor and Magic Resist. At the start of combat and after each charge, gain double the amount for 4 seconds.","2: 35 Armor, 35 Magic Resist | 3: 55 Armor, 55 Magic Resist | 4: 75 Armor, 75 Magic Resist | 5: 100 Armor, 100 Magic Resist","defense","Primarily statistical","https://lolchess.gg/synergies/set7/guide?hl=en"
"set7","Dragonlands","Dragonmancer","Dragonmancer","CLASS","3/6/9","Use the Dragonmancer Blessing item to choose a Hero. The Hero gains massively increased Health and Ability Power, which increases by 20% per star level of your Dragonmancers.","3: +300 Health, +18 Ability Power | 6: +750 Health, +40 Ability Power | 9: +1400 Health, +70 Ability Power","summon, transformation, defense, offense, choice","Board-changing summon","https://lolchess.gg/synergies/set7/guide?hl=en"
"set7","Dragonlands","Dragons","Dragon","CLASS","1/2","","1: Dragons provide +3 to the marked trait, but require 2 team slots. They also gain 700 bonus Health. This trait is active with exactly 1 Dragon champion.","summon, defense","Board-changing summon","https://lolchess.gg/synergies/set7/guide?hl=en"
"set7","Dragonlands","Evoker","Evoker","CLASS","2/4/6","Evokers gain Mana whenever an ally or enemy casts an Ability.","2: 3 Mana | 4: 7 Mana | 6: 12 Mana","offense","Special combat rule","https://lolchess.gg/synergies/set7/guide?hl=en"
"set7","Dragonlands","Guardian","Guardian","CLASS","2/4/6","Once per combat at 50% Health, Guardians shield themselves and their closest ally for a percent of their maximum Health. Shields stack!","2: 30% of max health shield | 4: 50% of max health shield | 6: 75% of max health shield","defense","Primarily statistical","https://lolchess.gg/synergies/set7/guide?hl=en"
"set7","Dragonlands","Guild","Guild","ORIGIN","1/3/5/6","Grant a unique bonus to your team; Guild members gain double the amount. Increases for each Guild member in play! Sejuani: +100 Health Twitch: +10% Attack Speed Ryze: +10 Ability Power Talon: +8 Attack Damage Bard: +2 Mana per attack Emblem: +3% Omnivamp (healing for a percentage of damage dealt)","1: 100% Guild bonus | 2: 120% Guild bonus | 3: 140% Guild bonus | 4: 160% Guild bonus | 5: 180% Guild bonus | 6: 200% Guild bonus | 7: 250% Guild bonus","defense, offense","Primarily statistical","https://lolchess.gg/synergies/set7/guide?hl=en"
"set7","Dragonlands","Jade","Jade","ORIGIN","3/6/9/12","Summon movable Jade Statues that grow in power. Each combat, allies who start combat adjacent to a statue gain maximum Health healing every 2 seconds and bonus Attack Speed. When a statue is destroyed, it deals 33% of its Health as magic damage to nearby enemies.","3: 1 statue, +2% healing, +15% Attack Speed | 6: 2 statues, +4% healing, +40% Attack Speed | 9: 3 statues, +8% healing, +70% Attack Speed | 12: 4 statues, +25% healing, +200% Attack Speed","summon, position, defense, offense","Visible formation rule","https://lolchess.gg/synergies/set7/guide?hl=en"
"set7","Dragonlands","Legend","Legend","CLASS","3","","3: Each combat: An adjacent ally sacrifices their life to the Legend, which gains 100% of their Health, Armor, and Magic Resistance, plus 30% of their Ability Power.","position, defense, offense","Visible formation rule","https://lolchess.gg/synergies/set7/guide?hl=en"
"set7","Dragonlands","Mage","Mage","CLASS","3/5/7/9","Mages cast twice and have modified total Ability Power.","3: 75% Ability Power | 5: 100% Ability Power | 7: 125% Ability Power | 9: 150% Ability Power","offense","Primarily statistical","https://lolchess.gg/synergies/set7/guide?hl=en"
"set7","Dragonlands","Mirage","Mirage","ORIGIN","2/4/6/8","Mirage champions (2/4/6/8) gain a different Trait bonus from game to game. Electric Overload: When attacking or being hit by an attack, gain a chance to deal 8% of their maximum Health as magic damage to adjacent enemies. (2) 20% chance (4) 25% chance (6) 33% chance (8) 50% chance ----------------------------------------- Warlord's Honor: After winning any combat, gain bonus Health and Ability Power. Increases by 10% per win, stacks up to 5 times! (2) 200 Health and 20 Ability Power (4) 350 Health and 35 Ability Power (6) 500 Health and 50 Ability Power (8) 700 Health and 70 Ability Power ----------------------------------------- Pirate's Greed: Gain a chest of loot after each player combat. (2) Gain a deckhand's chest. (4) Gain a lieutenant's chest. (6) Gain a captain's chest. (8) Gain a admiral's chest. ----------------------------------------- Dawnbringer's Determination: Once per combat, rapidly heal at 50% Health (2) Heal 40% maximum Health (4) Heal 65% maximum Health (6) Heal 65% maximum Health; heal a 2nd time (8) Heal 110% maximum Health; heal a 2nd time ----------------------------------------- Executioner's Edge: Always critically strike low Heath targets with Attacks and Abilities. Gain bonus Critial Strike Damage. (2) at 50% Health, +20% Crit Damage (4) at 65% Health, +30% Crit Damage (6) at 80% Health, +40% Crit Damage (8) at 100% Health, +50% Crit Damage ----------------------------------------- Spellsword's Enchantment: Each player combat, gain Ability Power per attack. (2) 6 Ability Power (4) 10 Ability Power (6) 14 Ability Power (8) 18 Ability Power ----------------------------------------- Duelist's Dexterity: Innate: Mirage units move faster. Attacks grant bonus Attack Speed, up to 10 stacks. (2) 6% Attack Speed per stack (4) 12% Attack Speed per stack (6) 20% Attack Speed per stack (8) 30% Attack Speed per stack","2: ??? (Randomly selected per game) | 4: ??? (Randomly selected per game) | 6: ??? (Randomly selected per game) | 8: ??? (Randomly selected per game)","economy, position, defense, offense, choice","Non-combat or mixed economy","https://lolchess.gg/synergies/set7/guide?hl=en"
"set7","Dragonlands","Mystic","Mystic","CLASS","2/3/4/5","Your team gains Magic Resist.","2: 50 Magic Resist | 3: 100 Magic Resist | 4: 175 Magic Resist | 5: 300 Magic Resist","defense","Primarily statistical","https://lolchess.gg/synergies/set7/guide?hl=en"
"set7","Dragonlands","Ragewing","Ragewing","ORIGIN","3/6/9","Innate: Convert Mana to Rage; attacks generate 15 Rage. After casting an Ability, enrage for 4 seconds: +25% Attack Speed but can't gain Rage. Gain bonus stats when enraged:","3: +50% Attack Speed and +25% Omnnivamp | 6: +135% Attack Speed and +50% Omnnivamp | 9: +250% Attack Speed and +75% Omnnivamp","offense","Primarily statistical","https://lolchess.gg/synergies/set7/guide?hl=en"
"set7","Dragonlands","Revel","Revel","ORIGIN","2/3/4/5","After dealing damage with an Ability, launch a firecracker that deals magic damage to a random enemy.","2: 110 magic damage | 3: 150 magic damage | 4: 210 magic damage | 5: 290 magic damage","choice","High-variance combat","https://lolchess.gg/synergies/set7/guide?hl=en"
"set7","Dragonlands","Scalescorn","Scalescorn","ORIGIN","2/4/6","If you don't have a Dragon on your team, Scalescorn champions deal bonus magic damage and take 20% reduced damage from enemies with more than 2200 Health.","2: 15% magic damage | 4: 50% magic damage | 6: 115% magic damage","summon, defense","Board-changing summon","https://lolchess.gg/synergies/set7/guide?hl=en"
"set7","Dragonlands","Shapeshifter","Shapeshifter","CLASS","2/4/6","Transforming grants bonus maximum Health.","2: 40% bonus Health | 4: 90% bonus Health | 6: 145% bonus Health","transformation, defense","Visible transformation","https://lolchess.gg/synergies/set7/guide?hl=en"
"set7","Dragonlands","Shimmerscale","Shimmerscale","ORIGIN","3/5/7/9","Grant exclusive random Shimmerscale items.","3: 1 unique item | 5: 2 unique items | 7: 4 unique items | 9: 5 unique items, which includes Crown of Champions","economy, position, choice","Non-combat or mixed economy","https://lolchess.gg/synergies/set7/guide?hl=en"
"set7","Dragonlands","SpellThief","Spell Thief","CLASS","1","","1: Nab a new Ability after each cast and at the start of every round.","special","Special combat rule","https://lolchess.gg/synergies/set7/guide?hl=en"
"set7","Dragonlands","Starcaller","Starcaller","CLASS","1","","1: The first Starcaller to cast their Ability during player combat heals you for (2/3/75), depending on their star level. Excess healing disintegrates an enemy champion.","transformation","Special combat rule","https://lolchess.gg/synergies/set7/guide?hl=en"
"set7","Dragonlands","Swiftshot","Swiftshot","CLASS","2/4/6","Innate: gain 2 hex Attack Range. Swhiftshots gain Attack Speed for each hex between themselves and their target.","2: 10% Attack Speed | 4: 20% Attack Speed | 6: 40% Attack Speed","position, offense","Visible formation rule","https://lolchess.gg/synergies/set7/guide?hl=en"
"set7","Dragonlands","Tempest","Tempest","ORIGIN","2/4/6/8","After 8 seconds, lightning strikes that battlefield. Enemies are stunned for 1 second(s) and take a percent of their maximum Health as true damage. Tempest champions gaian Attack Speed.","2: 5% damage, 20% Attack Speed | 4: 20% damage, 50% Attack Speed | 6: 35% damage, 120% Attack Speed | 8: 50% damage, 250% Attack Speed","defense, offense","Primarily statistical","https://lolchess.gg/synergies/set7/guide?hl=en"
"set7","Dragonlands","Trainer","Trainer","ORIGIN","2/3","Every round, each Trainer feeds 1 Snax per star level to Nomsy, adding Health and Ability Power. Nomsy's star level increases every 25 Snax!","2: Summon Nomsy! | 3: Nomsy's Ability deals 200% more damage","summon, transformation, defense, offense","Board-changing summon","https://lolchess.gg/synergies/set7/guide?hl=en"
"set7","Dragonlands","Warrior","Warrior","CLASS","2/4/6","Warrior attacks have a 50% chance to increase the damage of their next attack.","2: +80% damage | 4: +175% damage | 6: +325% damage","special","High-variance combat","https://lolchess.gg/synergies/set7/guide?hl=en"
"set7","Dragonlands","Whispers","Whispers","ORIGIN","2/4/6/8","Whispers damage shrinks enemies, reducing their Armor and Magic Resist by 40% for 6 seconds. When they damage a shrunken enemy, Whispers gain stacking bonuses:","2: +1 Attack Damage and Ability Power | 4: +3 Attack Damage and Ability Power | 6: +5 Attack Damage and Ability Power | 8: +8 Attack Damage and Ability Power","defense, offense","Primarily statistical","https://lolchess.gg/synergies/set7/guide?hl=en"
"set7.5","Dragonlands: Uncharted Realms","Assassin","Assassin","CLASS","2/4/6","Innate: Leap to the enemy backline when combat starts. Assassins' Abilities can critically strike and they gain bonus Critical Strike Chance and bonus Critical Strike Damage.","2: +20% Crit Chance and +10% Crit Damage | 4: +50% Crit Chance and +25% Crit Damage | 6: +75% Crit Chance and +75% Crit Damage","position, offense","Special combat rule","https://lolchess.gg/synergies/set7.5/guide?hl=en"
"set7.5","Dragonlands: Uncharted Realms","Astral","Astral","ORIGIN","3/5/8","After each player combat, gain an Astral Orb. The total star level of your Astral champions increases the orb quality. Astral Champions gains bonus Ability Power.","3: 5 Ability Power | 5: 30 Ability Power | 8: 75 Ability Power","transformation, offense","Primarily statistical","https://lolchess.gg/synergies/set7.5/guide?hl=en"
"set7.5","Dragonlands: Uncharted Realms","Bard","Bard","CLASS","1","","1: Allies that survive player combat have a 2% chance to create a Doot. Bard always creates a Doot when dancing. Each Doot you collect increases your Shop odds for higher-tier champions by 1%.","economy","Non-combat or mixed economy","https://lolchess.gg/synergies/set7.5/guide?hl=en"
"set7.5","Dragonlands: Uncharted Realms","Bruiser","Bruiser","CLASS","2/4/6/8","Your team gains bonus maximum Health. Bruisers gain double this bonus.","2: 180 Health | 4: 375 Health | 6: 700 Health | 8: 1500 Health","defense","Primarily statistical","https://lolchess.gg/synergies/set7.5/guide?hl=en"
"set7.5","Dragonlands: Uncharted Realms","Cannoneer","Cannoneer","CLASS","2/4/6","Every 5th attack fires a cannon shot that explodes for physical damage around the target.","2: 150% Attack Damage | 4: 300% Attack Damage | 6: 500% Attack Damage","offense","Primarily statistical","https://lolchess.gg/synergies/set7.5/guide?hl=en"
"set7.5","Dragonlands: Uncharted Realms","Cavalier","Cavalier","CLASS","2/3/5/6","Innate: Charge quickly towards their target whenever they move. Cavaliers gain Armor and Magic Resist. At the start of combat and after each charge, gain 200% the amount for 4 seconds.","2: 35 Armor, 35 Magic Resist | 3: 50 Armor, 50 Magic Resist | 4: 65 Armor, 65 Magic Resist | 5: 85 Armor, 85 Magic Resist | 6: 110 Armor, 110 Magic Resist","defense","Primarily statistical","https://lolchess.gg/synergies/set7.5/guide?hl=en"
"set7.5","Dragonlands: Uncharted Realms","Darkflight","Darkflight","ORIGIN","2/4/6/8","Summon a sacrificial altar. Combat start: the unit placed on the altar is sacrificed, granting a copy of one of the items and bonus Health to each Darkflight champion. Emblems and non-craftable items are corrupted when they're copied, instead becoming Darkflight Essence.","2: 500 Health | 4: 750 Health | 6: 1000 Health | 8: 1600 Health","summon, defense","Board-changing summon","https://lolchess.gg/synergies/set7.5/guide?hl=en"
"set7.5","Dragonlands: Uncharted Realms","Dragonmancer","Dragonmancer","CLASS","2/4/6/8","Use the Dragonmancer Blessing item to choose a Hero. The Hero gains massively increased Health and Ability Power, which increases by 20% per star level of your Dragonmancers.","2: +275 Health, +25 Ability Power | 4: +575 Health, +40 Ability Power | 6: +775 Health, +50 Ability Power | 8: +1000 Health, +70 Ability Power","summon, transformation, defense, offense, choice","Board-changing summon","https://lolchess.gg/synergies/set7.5/guide?hl=en"
"set7.5","Dragonlands: Uncharted Realms","Dragons","Dragon","CLASS","1/2/5/6","Innate: Requires 2 team slots. Dragons provide +3 to the marked trait, and gain additional bonuses based on how many Dragons are on your team.","1: 500 bonus Health | 2: and 20 Amor and Magic Resist | 3: and 10%bonus damage | 4: and +1 to team size | 5: and Heal 40 Health every second | 6: and Dragons to ascend","summon, transformation, defense","Board-changing summon","https://lolchess.gg/synergies/set7.5/guide?hl=en"
"set7.5","Dragonlands: Uncharted Realms","Evoker","Evoker","CLASS","2/3/4","Evokers gain Mana whenever an ally or enemy casts an Ability.","2: 5 Mana | 3: 8 Mana | 4: 10 Mana","offense","Special combat rule","https://lolchess.gg/synergies/set7.5/guide?hl=en"
"set7.5","Dragonlands: Uncharted Realms","Guardian","Guardian","CLASS","2/4/6/8","Once per combat at 50% Health, Guardians shield themselves and their closest ally for a percent of their maximum Health. Shields stack!","2: 25% of max health shield | 4: 40% of max health shield | 6: 80% of max health shield | 8: 130% of max health shield","defense","Primarily statistical","https://lolchess.gg/synergies/set7.5/guide?hl=en"
"set7.5","Dragonlands: Uncharted Realms","Guild","Guild","ORIGIN","1/3/7/8","Grant a unique bonus to your team; Guild members gain double the amount. Increases for each Guild member in play! Sejuani: +130 Health Twitch: +11% Attack Speed Zippy: +8 Amor and Magic Resist Jayce: +5 Attack Damage and Ability Power Bard: +2 Mana per attack Emblem: +3% Omnivamp","1: 100% Guild bonus | 2: 110% Guild bonus | 3: 120% Guild bonus | 4: 130% Guild bonus | 5: 140% Guild bonus | 6: 150% Guild bonus | 7: 160% Guild bonus | 8: 175% Guild Bonus","defense, offense","Primarily statistical","https://lolchess.gg/synergies/set7.5/guide?hl=en"
"set7.5","Dragonlands: Uncharted Realms","Jade","Jade","ORIGIN","3/5/7/9","Summon movable Jade Statues that grow in power. Each combat, allies who start combat adjacent to a statue gain maximum Health healing every 2 seconds and bonus Attack Speed. When a statue is destroyed, it deals 33% of its Health as magic damage to nearby enemies.","3: 1 statue, +2% healing, +10% Attack Speed | 5: 2 statues, +3% healing, +22% Attack Speed | 7: 3 statues, +5% healing, +55% Attack Speed | 9: 4 statues, +8% healing, +88% Attack Speed","summon, position, defense, offense","Visible formation rule","https://lolchess.gg/synergies/set7.5/guide?hl=en"
"set7.5","Dragonlands: Uncharted Realms","Lagoon","Lagoon","ORIGIN","3/6/9/12","Summon a Seastone. The Seastone grants loot based on the number of Abilities cast by Lagoon champions over time. Lagoon champions also gain Ability Power and Attack Speed.","3: 8 Ability Power, 8% Attack Speed | 6: 30 Ability Power, 30% Attack Speed | 9: 55 Ability Power, 55% Attack Speed | 12: 200 Ability Power, 200% Attack Speed","economy, summon, offense","Non-combat or mixed economy","https://lolchess.gg/synergies/set7.5/guide?hl=en"
"set7.5","Dragonlands: Uncharted Realms","Mage","Mage","CLASS","3/5/7/9","Mages cast twice and have modified total Ability Power.","3: 80% Ability Power | 5: 105% Ability Power | 7: 135% Ability Power | 9: 195% Ability Power","offense","Primarily statistical","https://lolchess.gg/synergies/set7.5/guide?hl=en"
"set7.5","Dragonlands: Uncharted Realms","Mirage","Mirage","ORIGIN","2/4/6/8","Mirage champions (2/4/6/8) gain a different Trait bonus from game to game. Electric Overload: When attacking or being hit by an attack, Mirage units gain a chance to deal 9% of their maximum Health as magic damage to adjacent enemies. (2) 20% chance (4) 33% chance (6) 50% chance (8) 100% chance ----------------------------------------- Warlord's Honor: After winning any combat, gain bonus Health and Ability Power. Increases by 10% per win, stacks up to 5 times! (2) 200 Health and 20 Ability Power (4) 300 Health and 30 Ability Power (6) 450 Health and 45 Ability Power (8) 600 Health and 60 Ability Power ----------------------------------------- Pirate's Greed: Gain a chest of loot after each player combat. (2) Gain a deckhand's chest. (4) Gain a lieutenant's chest. (6) Gain a captain's chest. (8) Gain a admiral's chest. ----------------------------------------- Dawnbringer's Determination: Once per combat, rapidly heal at 50% Health (2) Heal 40% maximum Health (4) Heal 65% maximum Health (6) Heal 65% maximum Health; heal a 2nd time (8) Heal 110% maximum Health; heal a 2nd time ----------------------------------------- Executioner's Edge: Always critically strike low Heath targets with Attacks and Abilities. Gain bonus Critial Strike Damage. (2) at 50% Health, +20% Crit Damage (4) at 65% Health, +30% Crit Damage (6) at 80% Health, +40% Crit Damage (8) at 100% Health, +50% Crit Damage ----------------------------------------- Spellsword's Enchantment: Each player combat, gain Ability Power per attack. (2) 5 Ability Power (4) 8 Ability Power (6) 12 Ability Power (8) 20 Ability Power ----------------------------------------- Duelist's Dexterity: Innate: Mirage units move faster. Attacks grant bonus Attack Speed, up to 10 stacks. (2) 6% Attack Speed per stack (4) 12% Attack Speed per stack (6) 20% Attack Speed per stack (8) 30% Attack Speed per stack","2: ??? (Randomly selected per game) | 4: ??? (Randomly selected per game) | 6: ??? (Randomly selected per game) | 8: ??? (Randomly selected per game)","economy, position, defense, offense, choice","Non-combat or mixed economy","https://lolchess.gg/synergies/set7.5/guide?hl=en"
"set7.5","Dragonlands: Uncharted Realms","Monolith","Monolith","ORIGIN","3","","3: Terra empowers 3 hexes on the battlefield. Combat start: units standing in the hex at the start of combat gain 18% damage reduction.","position, defense","Visible formation rule","https://lolchess.gg/synergies/set7.5/guide?hl=en"
"set7.5","Dragonlands: Uncharted Realms","Mystic","Mystic","CLASS","2/3/4/5","Your team gains Magic Resist.","2: 40 Magic Resist | 3: 80 Magic Resist | 4: 150 Magic Resist | 5: 300 Magic Resist","defense","Primarily statistical","https://lolchess.gg/synergies/set7.5/guide?hl=en"
"set7.5","Dragonlands: Uncharted Realms","Prodigy","Prodigy","ORIGIN","3","","3: Nomsy gains a random trait each game. She summons a former Trainer to aid her in battle, who also gains this trait. Trainers' Ability Power is always equal to Nomsy's Ability Power. When Nomsy dies, Trainers gain 100% Attack Speed.","summon, offense, choice","Board-changing summon","https://lolchess.gg/synergies/set7.5/guide?hl=en"
"set7.5","Dragonlands: Uncharted Realms","Ragewing","Ragewing","ORIGIN","2/4/6/8","Innate: Convert Mana to Rage; attacks generate 15 Rage. After casting an Ability, enrage for 4 seconds: +25% Attack Speed but can't gain Rage. Gain stats when enraged:","2: +50% Attack Speed and +15% Omnivamp (healing for a percentage of damage dealt) | 4: +100% Attack Speed and +30% Omnivamp | 6: +150% Attack Speed and +45% Omnivamp | 8: +325% Attack Speed and +85% Omnivamp","offense","Primarily statistical","https://lolchess.gg/synergies/set7.5/guide?hl=en"
"set7.5","Dragonlands: Uncharted Realms","Scalescorn","Scalescorn","ORIGIN","2/4/6","Scalescorns take 15% reduced damage from enemies with more than 1900 Health.","2: 15% magic damage | 4: 50% magic damage | 6: 90% magic damage","defense","Primarily statistical","https://lolchess.gg/synergies/set7.5/guide?hl=en"
"set7.5","Dragonlands: Uncharted Realms","Shapeshifter","Shapeshifter","CLASS","2/4","Transforming grants bonus maximum Health.","2: 60% bonus Health | 4: 150% bonus Health","transformation, defense","Visible transformation","https://lolchess.gg/synergies/set7.5/guide?hl=en"
"set7.5","Dragonlands: Uncharted Realms","Shimmerscale","Shimmerscale","ORIGIN","3/5/7/9","Grant exclusive random Shimmerscale items. You can remove Shimmerscale items by benching the holder.","3: 1 unique item | 5: 2 unique items | 7: 4 unique items | 9: 5 unique items, which includes Crown of Champions","economy, position, choice","Non-combat or mixed economy","https://lolchess.gg/synergies/set7.5/guide?hl=en"
"set7.5","Dragonlands: Uncharted Realms","SpellThief","Spell Thief","CLASS","1","","1: Zoe nabs a new Ability after each cast and at the start of every round.","special","Special combat rule","https://lolchess.gg/synergies/set7.5/guide?hl=en"
"set7.5","Dragonlands: Uncharted Realms","Starcaller","Starcaller","CLASS","1","","1: The first Starcaller to cast their Ability during player combat heals you for (2/3/75), depending on their star level. Excess healing disintegrates an enemy champion.","transformation","Special combat rule","https://lolchess.gg/synergies/set7.5/guide?hl=en"
"set7.5","Dragonlands: Uncharted Realms","Swiftshot","Swiftshot","CLASS","2/3/4/5","Innate: gain 2 hex Attack Range. Swhiftshots gain Attack Speed for each hex between themselves and their target.","2: 10% Attack Speed | 3: 15% Attack Speed | 4: 25% Attack Speed | 5: 40% Attack Speed","position, offense","Visible formation rule","https://lolchess.gg/synergies/set7.5/guide?hl=en"
"set7.5","Dragonlands: Uncharted Realms","Tempest","Tempest","ORIGIN","2/4/6/8","After 8 seconds, lightning strikes the battlefield. Enemies are stunned for 1 second and take a percent of their maximum Health as true damage. Then, Tempest champions deal increased damage.","2: 10% lightning, 10% unit damage | 4: 20% lightning, 30% unit damage | 6: 30% lightning, 60% unit damage | 8: 45% lightning, 120% unit damage","defense","Primarily statistical","https://lolchess.gg/synergies/set7.5/guide?hl=en"
"set7.5","Dragonlands: Uncharted Realms","Warrior","Warrior","CLASS","2/4/6","Warrior attacks have a 50% chance to increase the damage of their next attack.","2: +75% damage | 4: +150% damage | 6: +275% damage","special","High-variance combat","https://lolchess.gg/synergies/set7.5/guide?hl=en"
"set7.5","Dragonlands: Uncharted Realms","Whispers","Whispers","ORIGIN","2/4/6","Whispers damage shrinks enemies, reducing their Armor and Magic Resist by 40% for 6 seconds. When they damage a shrunken enemy, Whispers gain stacking bonuses:","2: +1 Attack Damage and Ability Power | 4: +3 Attack Damage and Ability Power | 6: +7 Attack Damage and Ability Power","defense, offense","Primarily statistical","https://lolchess.gg/synergies/set7.5/guide?hl=en"
"set8","Monsters Attack!","Ace","Ace","CLASS","1/4","This trait is active only when you have exactly 1 or 4 unique Aces.","1: Execute enemies under 15% Health | 4: Execute enemies under 30% Health","transformation, defense","Primarily statistical","https://lolchess.gg/synergies/set8/guide?hl=en"
"set8","Monsters Attack!","ADMIN","A.D.M.I.N.","ORIGIN","2/4/6","A.D.M.I.N programs a custom configuration per player each game.","2: [Initialize ADMIN cause and effect] | 4: [Add another effect to the program] | 6: Boost previous tier by 100%","special","Special combat rule","https://lolchess.gg/synergies/set8/guide?hl=en"
"set8","Monsters Attack!","Aegis","Aegis","CLASS","2/3/4/5","Your team gains bonus Magic Resist, and Aegis units gain more.","2: +20 Magic Resist, +40 for Aegis | 3: +40 Magic Resist, +80 for Aegis | 4: +60 Magic Resist, +120 for Aegis | 5: +90 Magic Resist, +180 for Aegis","defense","Primarily statistical","https://lolchess.gg/synergies/set8/guide?hl=en"
"set8","Monsters Attack!","AnimaSquad","Anima Squad","ORIGIN","3/5/7","Anima Squad members build fame for scoring champion kills. When they pause to celebrate a kill, they permanently gain 6 maximum Health per point of fame. Fame immediately benefits the whole Anima Squad. Anima Squad also gains:","3: 10% Attack Damage and 10 Ability Power | 5: 35% Attack Damage and 35 Ability Power | 7: 60% Attack Damage and 60 Ability Power","transformation, defense, offense","Primarily statistical","https://lolchess.gg/synergies/set8/guide?hl=en"
"set8","Monsters Attack!","Arsenal","Arsenal","ORIGIN","1","","1: When deploying the Arsenal champion, players may choose which weapon he will equip.","choice","Special combat rule","https://lolchess.gg/synergies/set8/guide?hl=en"
"set8","Monsters Attack!","Brawler","Brawler","CLASS","2/4/6/8","Brawlers gain additional maximum Health.","2: +20% maximum Health | 4: +45% maximum Health | 6: +75% maximum Health | 8: +110% maximum Health","defense","Primarily statistical","https://lolchess.gg/synergies/set8/guide?hl=en"
"set8","Monsters Attack!","Civilian","Civilian","ORIGIN","1/2/3","If there is a Civilian alive, your team is inspired to protect them by gaining Mana every 2 seconds.","1: +2 Mana | 2: +4 Mana | 3: +10 Mana","offense","Special combat rule","https://lolchess.gg/synergies/set8/guide?hl=en"
"set8","Monsters Attack!","Corrupted","Corrupted","CLASS","1","","1: Combat starts: Lie dormant while absorbing the souls of allies that die. Gain 40 Ability Power for each soul. Once per combat at 60% Health (or when your team has died), come alive and fight.","defense, offense","Primarily statistical","https://lolchess.gg/synergies/set8/guide?hl=en"
"set8","Monsters Attack!","Defender","Defender","CLASS","2/4/6","Innate: Taunt nearby enemies after the start of combat. Your team gains bonus Armor, and Defenders gain more. Taunt: enemies that are able and in range must attack the taunter","2: +30 Armor, +60 for Defenders | 4: +80 Armor, +150 for Defenders | 6: +200 Armor, +250 for Defenders","defense","Primarily statistical","https://lolchess.gg/synergies/set8/guide?hl=en"
"set8","Monsters Attack!","Duelist","Duelist","CLASS","2/4/6/8","Innate: increased movement speed. Duelists' basic attacks grant bonus Attack Speed, up to 12 stacks.","2: +5% Attack Speed per stack | 4: +9% Attack Speed per stack | 6: +15% Attack Speed per stack | 8: +24% Attack Speed per stack","offense","Primarily statistical","https://lolchess.gg/synergies/set8/guide?hl=en"
"set8","Monsters Attack!","Forecaster","Forecaster","CLASS","1","At the start of combat, Forecaster champions grant adjacent allies different buffs depending on the current weather, which changes every game. Sunny Weather: Combat start: Grant a 400/600/4000 Health shield to adjacent allies for 10/10/45 seconds. Windy Weather: Combat start: grant bonus Attack Damage and Ability Power to adjacent allies, increasing by 15/25/150% every 5 seconds. Rainy Weather: At the start of combat, Forecaster champions grant adjacent allies 20 / 40 / 100 mana until they have cast 1/1/100 spells.","1: ??? (Randomly selected per game)","position, defense, offense, choice","Visible formation rule","https://lolchess.gg/synergies/set8/guide?hl=en"
"set8","Monsters Attack!","Gadgeteen","Gadgeteen","ORIGIN","3/5","Each round, Gadgeteens create random modified weapon with powerful effects that fall apart after one round. Gadgeteen also gain Damage Reduction for each item equipped to them.","3: Create 1 item, 3% per item. | 5: Create 2 item, 10% per item.","defense, choice","Special combat rule","https://lolchess.gg/synergies/set8/guide?hl=en"
"set8","Monsters Attack!","Hacker","Hacker","CLASS","2/3/4","Hackers gain Omnivamp and summon a H4ckerr!m. Any unit placed in the rider hex will be sent to the enemy backline and is untargetable for the first 2 seconds of combat. Omnivamp: heal for a percentage of damage dealt","2: 15% Omnivamp | 3: 40% Omnivamp | 4: 70% Omnivamp","summon, position, offense","Visible formation rule","https://lolchess.gg/synergies/set8/guide?hl=en"
"set8","Monsters Attack!","Heart","Heart","CLASS","2/4/6","When Heart units cast their Ability, your team gains stacking Ability Power for the rest of combat.","2: +4 Ability Power | 4: +7 Ability Power | 6: +10 Ability Power","offense","Primarily statistical","https://lolchess.gg/synergies/set8/guide?hl=en"
"set8","Monsters Attack!","LaserCorps","LaserCorps","ORIGIN","3/5/7/9","When a LaserCorp agent attacks or is hit by an attack, their combat drone deal magic damage to the agent's target (0.4 second cooldown). When a LaserCorps agent dies, their drone is reassigned to the nearest living agent. Drones lasers deal:","3: 25 magic damage. | 5: 45 magic damage. | 7: 80 magic damage | 9: 99 magic damage, and each agent gets a 2nd drone.","special","Special combat rule","https://lolchess.gg/synergies/set8/guide?hl=en"
"set8","Monsters Attack!","Mascot","Mascot","CLASS","2/4/6/8","Your team heals a percentage of their maximum Health every 2 seconds, and Mascots heal double the amount. When Mascots die, they retreat to the sidelines to cheer on your team. Your team's healing increased by 1% for each cheering Mascot.","2: 1.5% healing | 4: 3% healing | 6: 6% healing | 8: 10% healing","defense","Primarily statistical","https://lolchess.gg/synergies/set8/guide?hl=en"
"set8","Monsters Attack!","MechaPRIME","Mecha: PRIME","ORIGIN","3/5","Use the Mecha selector item to choose a PRIME. Combat start: the PRIME combines with the 2 nearest Mecha, absorbing 100% of their Health.","3: The PRIME gains 60 Ability Power and 60% Attack Damage | 5: All Mechas gain 55 Ability Power and 55% Attack Damage; The PRIME gains double this amount.","summon, defense, offense, choice","Board-changing summon","https://lolchess.gg/synergies/set8/guide?hl=en"
"set8","Monsters Attack!","OxForce","Ox Force","ORIGIN","2/4/6/8","Ox Force units gain a range of Attack Speed that ramps as they lose Health. Once per combat, when they would drop below one health, they instead go to one health and become immune to damage for 1 seconds.","2: 15% - 30% Attack Speed. | 4: 40% - 80% Attack Speed. | 6: 75% - 150% Attack Speed. | 8: 150% - 300% Attack Speed.","transformation, defense, offense","Primarily statistical","https://lolchess.gg/synergies/set8/guide?hl=en"
"set8","Monsters Attack!","Prankster","Prankster","CLASS","2/3","","2: Once per combat at 50% Health, spawn a target dummy, move to a safe location, and restore 350 Health. | 3: And, Prankster dummies stun the enemy that killed them for 1.5 seconds.","summon, transformation, defense","Primarily statistical","https://lolchess.gg/synergies/set8/guide?hl=en"
"set8","Monsters Attack!","Recon","Recon","CLASS","2/3/4","Innate: Gain 2 hex Attack Range. If there is an enemy nearby, Recon units will dash to safety before casting their Ability.","2: +20% Crit Chance | 3: +75% Crit Chance | 4: +100% Crit Chance and Recon Abilities can critically strike","position, offense","Visible formation rule","https://lolchess.gg/synergies/set8/guide?hl=en"
"set8","Monsters Attack!","Renegade","Renegade","CLASS","3/6","Renegade units deal bonus damage, and the last sone standing deals more.","3: 35% bonus damage, 20% for last alive | 6: 60% bonus damage, 40% for last alive","special","Special combat rule","https://lolchess.gg/synergies/set8/guide?hl=en"
"set8","Monsters Attack!","Spellslinger","Spellslinger","CLASS","2/4/6/8","Every 5 seconds, the next attack instead fires a magic orb at a random target, which explodes for 50% Ability Power as magic damage.","2: +25 Ability Power | 4: +60 Ability Power | 6: +95 Ability Power | 8: +140 Ability Power, Orb Damage 150%","offense, choice","Primarily statistical","https://lolchess.gg/synergies/set8/guide?hl=en"
"set8","Monsters Attack!","StarGuardian","Star Guardian","ORIGIN","3/5/7/9","Gain more Mana from all sources.","3: 40% additional mana | 5: 70% additional mana | 7: 120% additional mana | 9: 200% additional mana","offense","Special combat rule","https://lolchess.gg/synergies/set8/guide?hl=en"
"set8","Monsters Attack!","Supers","Supers","ORIGIN","3","","3: Combat start: strike a pose that grants your team 18% bonus damage, which increases by 3% for every 3-star champion on your team.","special","Special combat rule","https://lolchess.gg/synergies/set8/guide?hl=en"
"set8","Monsters Attack!","Sureshot","Sureshot","CLASS","2/4","Combat start: gain bonus Attack Damage now, and every 4 seconds.","2: +6% Attack Damage | 4: +16% Attack Damage","offense","Primarily statistical","https://lolchess.gg/synergies/set8/guide?hl=en"
"set8","Monsters Attack!","Threat","Threat","ORIGIN","1","","1: Threats do not have a Trait bonus, but instead have powerful Abilities and increased base stats.","special","Special combat rule","https://lolchess.gg/synergies/set8/guide?hl=en"
"set8","Monsters Attack!","Underground","Underground","ORIGIN","3/4/5/6","The Underground must sneak through the sewers and crack 10 locks to open a vault. When the vault opens, you may choose to take the loot now, or attempt another heist for even better rewards.","3: Crack 2 vault lock after a player combat win, and 3 after a player combat loss | 4: Crack 2 vault lock after a player combat win, and 4 after a player combat loss | 5: Crack 3 vault lock after a player combat win, and 5 after a player combat loss | 6: Crack 4 vault lock after a player combat win, and 7 after a player combat loss","economy, choice","Non-combat or mixed economy","https://lolchess.gg/synergies/set8/guide?hl=en"
"set8.5","Monsters Attack: Glitched Out!!","Ace","Ace","CLASS","1/4","This trait is active only when you have exactly 1 or 4 unique Aces.","1: Execute enemies under 15% Health | 4: Execute enemies under 33% Health","transformation, defense","Primarily statistical","https://lolchess.gg/synergies/set8.5/guide?hl=en"
"set8.5","Monsters Attack: Glitched Out!!","ADMIN","A.D.M.I.N.","ORIGIN","2/4/6","A.D.M.I.N. programs a custom configuration per player each game. 4 Piece Multiplier: 25% On Cast AP: 18 On Cast AD: 18% On Cast Chance to Drop Gold: 33% On Cast Flat Heal: 250 On Cast Permanent HP: 12 On Kill, Unit who killed Heals: 400 On Kill, Unit who killed gains Permanent HP: 18 on dropping below 66% HP, A.D.M.I.N. gains AP: 60 on dropping below 66% HP, A.D.M.I.N. gains AD: 60 on dropping below 66% HP, A.D.M.I.N. gains AS: 60 on dropping below 66% HP, A.D.M.I.N. gains Shield: 15 sec on dropping below 66% HP, A.D.M.I.N. gains Permanent HP: 45 on Ally Death AP: 15 on Ally Death AD: 15 on Ally Death AS: 15 on Ally Death flat Heal: 250 on Ally Death Gold Chance: 20% on Ally Death Permanent HP: 10 Combat Start chance to drop Gold: 50% Combat Start permanent HP: 40 Every 5 sec, A.D.M.I.N. gains AP: 20 Every 5 sec, A.D.M.I.N. gains Mana: 40 Every 5 sec, A.D.M.I.N. chance to drop Gold: 25% Every 5 sec, permanent HP: 10 Combat Start, Team gains permanent HP: 20 Combat Start, Team gains chance to drop Gold: 25% Combat Start, Team gains max HP Shield: 25% every 5 sec, Team gains Mana: 20 every 5 sec, Team chance to drop Gold: 15% every 5 sec, Team gains permanent HP: 6 every 5 sec, Team heals: 150","2: [Initialize ADMIN cause and effect] | 4: [Add another effect to the program]. Boost all tiers by 25% | 6: Boost previous tiers by 100%","economy, transformation, defense, offense","Non-combat or mixed economy","https://lolchess.gg/synergies/set8.5/guide?hl=en"
"set8.5","Monsters Attack: Glitched Out!!","Aegis","Aegis","CLASS","2/3/4/5","Your team gains bonus Magic Resist, and Aegis units gain more.","2: +20 Magic Resist, +40 for Aegis | 3: +40 Magic Resist, +80 for Aegis | 4: +60 Magic Resist, +120 for Aegis | 5: +90 Magic Resist, +180 for Aegis","defense","Primarily statistical","https://lolchess.gg/synergies/set8.5/guide?hl=en"
"set8.5","Monsters Attack: Glitched Out!!","AnimaSquad","Anima Squad","ORIGIN","3/5/7","Anima Squad members pose after champion kills, increasing their fame. Each point of fame grants 5 permanent Health to each Anima Squad member. They also gains:","3: 15% Attack Damage and 15 Ability Power | 5: 35% Attack Damage and 35 Ability Power | 7: 60% Attack Damage and 60 Ability Power","transformation, defense, offense","Primarily statistical","https://lolchess.gg/synergies/set8.5/guide?hl=en"
"set8.5","Monsters Attack: Glitched Out!!","Brawler","Brawler","CLASS","2/4/6/8","Brawlers gain additional maximum Health.","2: +20% maximum Health | 4: +45% maximum Health | 6: +70% maximum Health | 8: +100% maximum Health","defense","Primarily statistical","https://lolchess.gg/synergies/set8.5/guide?hl=en"
"set8.5","Monsters Attack: Glitched Out!!","Corrupted","Corrupted","CLASS","1","","1: Combat starts: Lie dormant while absorbing the souls of allies that die. Gain 40 Ability Power for each soul. Once per combat at 70% Health (or when your team has died), come alive and fight.","defense, offense","Primarily statistical","https://lolchess.gg/synergies/set8.5/guide?hl=en"
"set8.5","Monsters Attack: Glitched Out!!","Defender","Defender","CLASS","2/4/6","Your team gains bonus Armor, and Defenders gain more.","2: +25 Armor, +50 for Defenders | 4: +70 Armor, +150 for Defenders | 6: +180 Armor, +400 for Defenders","defense","Primarily statistical","https://lolchess.gg/synergies/set8.5/guide?hl=en"
"set8.5","Monsters Attack: Glitched Out!!","Duelist","Duelist","CLASS","2/4/6/8","Innate: increased movement speed. Duelists' basic attacks grant bonus Attack Speed, up to 12 stacks.","2: +5% Attack Speed per stack | 4: +8% Attack Speed per stack | 6: +10% Attack Speed per stack, Duelist take 10% less damage | 8: +16% Attack Speed per stack, Duelist take 20% less damage","offense","Primarily statistical","https://lolchess.gg/synergies/set8.5/guide?hl=en"
"set8.5","Monsters Attack: Glitched Out!!","Forecaster","Forecaster","CLASS","1","At the start of combat, Forecaster champions grant adjacent allies different buffs depending on the current weather, which changes every game. Sunny Weather: Combat start: Grant a 400/600/4000 Health shield to adjacent allies for 10/10/45 seconds. Windy Weather: Combat start: grant bonus Attack Damage and Ability Power to adjacent allies, increasing by 15/25/150% every 5 seconds. Rainy Weather: At the start of combat, Forecaster champions grant adjacent allies 20 / 40 / 100 mana until they have cast 1/1/100 spells.","1: ??? (Randomly selected per game)","position, defense, offense, choice","Visible formation rule","https://lolchess.gg/synergies/set8.5/guide?hl=en"
"set8.5","Monsters Attack: Glitched Out!!","Gadgeteen","Gadgeteen","ORIGIN","3/5","Each round, Gadgeteens create random modified weapons with powerful effects that fall apart after one round. Gadgeteens also gain Damage and Damage Reduction for each item equipped to them.","3: Create 1 item, 4% per item. | 5: Create 2 item, 8% per item.","defense, choice","Special combat rule","https://lolchess.gg/synergies/set8.5/guide?hl=en"
"set8.5","Monsters Attack: Glitched Out!!","Hacker","Hacker","CLASS","3/4/5","Hackers gain Omnivamp and summon a H4ckerr!m. Any unit placed in the rider hex will be sent to the enemy backline and is untargetable for the first 2 seconds of combat. Omnivamp: heal for a percentage of damage dealt","3: +10% Omnivamp for Hackers | 4: +20% Omnivamp for Hackers, +15% for the rider. | 5: +40% Omnivamp for Hackers, +30% for the rider.","summon, position, offense","Visible formation rule","https://lolchess.gg/synergies/set8.5/guide?hl=en"
"set8.5","Monsters Attack: Glitched Out!!","Heart","Heart","CLASS","2/4/6","When Heart units cast their Ability, your team gains stacking Ability Power for the rest of combat.","2: +4 Ability Power | 4: +7 Ability Power | 6: +11 Ability Power","offense","Primarily statistical","https://lolchess.gg/synergies/set8.5/guide?hl=en"
"set8.5","Monsters Attack: Glitched Out!!","Infiniteam","InfiniTeam","ORIGIN","3/5/7","The InfiniTeam opens a portal to an alternate timeline. At the start of combat, any InfiniTeam unit placed on a portal summons an alternate version of themself with different items. They get 1 for each Augment you own. The copies have reduced Health and damage.","3: 1 portal opens, 45% damage and 45% HP. | 5: 2 portal opens, 50% damage and 50% HP. | 7: 2 portal opens, 85% damage and 85% HP.","summon, defense","Board-changing summon","https://lolchess.gg/synergies/set8.5/guide?hl=en"
"set8.5","Monsters Attack: Glitched Out!!","LaserCorps","LaserCorps","ORIGIN","3/4/5/6","When a LaserCorp agent attacks or is hit by an attack, their combat drone deal magic damage to the agent's target (0.4 second cooldown). When a LaserCorps agent dies, their drone is reassigned to the nearest living agent. Drones lasers deal:","3: 27 magic damage. | 4: 35 magic damage. All units get a LaserCorp drone. | 5: 55 magic damage. All units get a LaserCorp drone. | 6: 80 magic damage. All units get a LaserCorp drone.","special","Special combat rule","https://lolchess.gg/synergies/set8.5/guide?hl=en"
"set8.5","Monsters Attack: Glitched Out!!","Mascot","Mascot","CLASS","2/4/6","Your team heals a percentage of their maximum Health every 2 seconds, and Mascots heal double the amount. When Mascots die, they retreat to the sidelines to cheer on your team. Your team's healing increased by 1% for each cheering Mascot.","2: 1.5% healing | 4: 3% healing | 6: 6% healing","defense","Primarily statistical","https://lolchess.gg/synergies/set8.5/guide?hl=en"
"set8.5","Monsters Attack: Glitched Out!!","MechaPRIME","Mecha: PRIME","ORIGIN","3/5","Use the Mecha selector item to choose a PRIME. Combat start: the PRIME combines with the 2 nearest Mecha, absorbing 90% of their Health.","3: The PRIME gains 60 Ability Power and 60% Attack Damage | 5: All Mechas gain 55 Ability Power and 55% Attack Damage; The PRIME gains double this amount.","summon, defense, offense, choice","Board-changing summon","https://lolchess.gg/synergies/set8.5/guide?hl=en"
"set8.5","Monsters Attack: Glitched Out!!","OxForce","Ox Force","ORIGIN","2/4/6","Ox Force units gain bonus defenses. Once per combat, when they would drop below one HP, they instead shield themselves for 50% of their maximum health for 1.5 seconds.","2: 5 Armor and Magic Resist | 4: 35 Armor and Magic Resist | 6: 75 Armor and Magic Resist","transformation, defense","Primarily statistical","https://lolchess.gg/synergies/set8.5/guide?hl=en"
"set8.5","Monsters Attack: Glitched Out!!","Parallel","Parallel","CLASS","2","","2: Ezreal learns from his older, more handsome self and joins him in future adventures. Ezreal's Ability becomes a blast that hits all enemies in a line. Ultimate Ezreal's Ability summons two additional temporal duplicates.","summon","Board-changing summon","https://lolchess.gg/synergies/set8.5/guide?hl=en"
"set8.5","Monsters Attack: Glitched Out!!","Prankster","Prankster","CLASS","2/3/4","","2: Once per combat at 50% Health, spawn a target dummy, move to a safe location, and restore 150 Health. | 3: And, Prankster dummies stun the enemy that killed them for 1.5 seconds. | 4: The Health restore is increased to 350 Health and the stun duration become 2 second.","summon, transformation, defense","Primarily statistical","https://lolchess.gg/synergies/set8.5/guide?hl=en"
"set8.5","Monsters Attack: Glitched Out!!","Quickdraw","Quickdraw","CLASS","2/3/4","After every 2 damaging ability projectiles, Quickdraw units fire a bonus ability projectile. Bonus shots deal:","2: 70% total damage. | 3: 150% total damage. | 4: 235% total damage.","special","Special combat rule","https://lolchess.gg/synergies/set8.5/guide?hl=en"
"set8.5","Monsters Attack: Glitched Out!!","Renegade","Renegade","CLASS","3/5/7","Renegade units deal bonus damage, and the last sone standing deals more.","3: 25% bonus damage, 20% for last alive | 5: 40% bonus damage, 30% for last alive | 7: 70% bonus damage, 40% for last alive","special","Special combat rule","https://lolchess.gg/synergies/set8.5/guide?hl=en"
"set8.5","Monsters Attack: Glitched Out!!","Riftwalker","Riftwalker","ORIGIN","3","Riftwalkers open a gap between dimensions and summon their ally Zac, who grows in power based on the star level of Riftwalkers. Zac gains the last-listed Trait of the closest Riftwalker.","3: Summon Zac","summon, position, transformation","Visible formation rule","https://lolchess.gg/synergies/set8.5/guide?hl=en"
"set8.5","Monsters Attack: Glitched Out!!","Spellslinger","Spellslinger","CLASS","2/4/6/8","Every 5 seconds, the next attack instead fires a magic orb at a random target, which explodes for 50% Ability Power as magic damage.","2: +25 Ability Power | 4: +45 Ability Power | 6: +70 Ability Power | 8: +110 Ability Power, Orb Damage 100%","offense, choice","Primarily statistical","https://lolchess.gg/synergies/set8.5/guide?hl=en"
"set8.5","Monsters Attack: Glitched Out!!","StarGuardian","Star Guardian","ORIGIN","2/4/6/8","Gain more Mana from all sources.","2: 30% additional mana | 4: 60% additional mana | 6: 100% additional mana | 8: 175% additional mana","offense","Special combat rule","https://lolchess.gg/synergies/set8.5/guide?hl=en"
"set8.5","Monsters Attack: Glitched Out!!","Supers","Supers","ORIGIN","3","","3: Combat start: strike a pose that grants your team 18% bonus damage, which increases by 3% for every 3-star champion on your team.","special","Special combat rule","https://lolchess.gg/synergies/set8.5/guide?hl=en"
"set8.5","Monsters Attack: Glitched Out!!","Sureshot","Sureshot","CLASS","2/3/4/5","Combat start: gain bonus Attack Damage now, and every 4 seconds.","2: +7% Attack Damage | 3: +12% Attack Damage | 4: +18% Attack Damage | 5: +25% Attack Damage","offense","Primarily statistical","https://lolchess.gg/synergies/set8.5/guide?hl=en"
"set8.5","Monsters Attack: Glitched Out!!","Threat","Threat","ORIGIN","1","","1: Threats do not have a Trait bonus, but instead have powerful Abilities and increased base stats.","special","Special combat rule","https://lolchess.gg/synergies/set8.5/guide?hl=en"
"set8.5","Monsters Attack: Glitched Out!!","Underground","Underground","ORIGIN","3/4/5/6","The Underground must sneak through the sewers and crack 10 locks to open a vault. When the vault opens, you may choose to take the loot now, or attempt another heist for even better rewards.","3: Crack 2 vault lock after a player combat win, and 3 after a player combat loss | 4: Crack 2 vault lock after a player combat win, and 4 after a player combat loss | 5: Crack 3 vault lock after a player combat win, and 5 after a player combat loss | 6: Crack 4 vault lock after a player combat win, and 7 after a player combat loss","economy, choice","Non-combat or mixed economy","https://lolchess.gg/synergies/set8.5/guide?hl=en"
"set9","Runeterra Reforged","Bastion","Bastion","CLASS","2/4/6/8","Bastion champions gain Armor and Magic Resist. This is increased by 100% for the first 10 seconds of combat.","2: 25 Defenses | 4: 50 Defenses | 6: 95 Defenses | 8: 240 Defenses","defense","Primarily statistical","https://lolchess.gg/synergies/set9/guide?hl=en"
"set9","Runeterra Reforged","Bruiser","Bruiser","CLASS","2/4/6","Your units gain 100 Health. Bruiser get even more.","2: +10% Health | 4: +40% Health | 6: +70% Health","defense","Primarily statistical","https://lolchess.gg/synergies/set9/guide?hl=en"
"set9","Runeterra Reforged","Challenger","Challenger","CLASS","2/4/6/8","Challengers gain bonus Attack Speed. When their target dies, Challengers dash to a new target and increase their Attack Speed bonus by 50% for 2.5 seconds.","2: 30% Attack Speed. | 4: 60% Attack Speed. | 6: 95% Attack Speed. | 8: 140% Attack Speed.","offense","Primarily statistical","https://lolchess.gg/synergies/set9/guide?hl=en"
"set9","Runeterra Reforged","Darkin","Darkin","ORIGIN","1","","1: When Aatrox or the holder of the Darkin Blade dies, the Darkin Blade is equipped to the nearest ally champion, grating them 400 Health and 15% Omnivamp. After being equipped to a champion for 4 seconds, Aatrox will revive upon their death instead.","transformation, defense, offense","Primarily statistical","https://lolchess.gg/synergies/set9/guide?hl=en"
"set9","Runeterra Reforged","Deadeye","Deadeye","CLASS","2/4/6","Innate: +1 Range Every 3 seconds, Deadeyes attack the enemy with the highest percent Health and deal bonus damage.","2: +20% damage | 4: +65% damage | 6: +150% damage","defense","Primarily statistical","https://lolchess.gg/synergies/set9/guide?hl=en"
"set9","Runeterra Reforged","Demacia","Demacia","ORIGIN","3/5/7/9","At the start of each planning phase, a number of your strongest Demacians become elites, equipping a random Radiant Item until the end of the next combat, and giving themselves and nearby allies Armor and Magic Resistance. (Does not stack.) Radiant items are upgraded versions of completed items.","3: 1 Elite, 5 Armor, 5 Magic resist | 5: 2 Elites, 30 Armor, 30 Magic resist | 7: 3 Elites, 40 Armor, 40 Magic resist | 9: 5 Elites, 100 Armor, 100 Magic resist","defense, choice","Primarily statistical","https://lolchess.gg/synergies/set9/guide?hl=en"
"set9","Runeterra Reforged","Empress","Empress","CLASS","1","","1: When Bel'Veth kills an enemy, they leave behind Void Coral that she will consume. The first Coral increases her max Health by 50%, while further Coral heals her 20% max Health. When a Void Coral is consumed, she deals 10% max Health as magic damage to enemies within 2 hexes.","position, transformation, defense","Visible formation rule","https://lolchess.gg/synergies/set9/guide?hl=en"
"set9","Runeterra Reforged","Freljord","Freljord","ORIGIN","2/3/4","After 8 seconds, a Freljordian storm strikes the battelfield. Enemies take a percentage of their maximum health as true damage and gain debuffs for 10 seconds. Sunder: reduce Armor Shred: reduce Magic Resist Mana Reave: increase maximum mana until the next cast","2: 5% health, enemies are 40% Sundered and Shredded | 3: 10% health, enemies are also 30% Mana Reaved | 4: 15% health, enemies enemies are also stunned for 1.5 seconds","defense, offense","Primarily statistical","https://lolchess.gg/synergies/set9/guide?hl=en"
"set9","Runeterra Reforged","Gunner","Gunner","CLASS","2/4/6","When Gunner champions attack, they gain bonus Attack Damage, up to 8 stacks.","2: 6% Attack Damage per attack | 4: 12% Attack Damage per attack | 6: 22% Attack Damage per attack","offense","Primarily statistical","https://lolchess.gg/synergies/set9/guide?hl=en"
"set9","Runeterra Reforged","Invoker","Invoker","CLASS","2/4/6","Allies restore Mana every 3 seconds.","2: 5 Mana for all allies | 4: And 15 additional Mana for Invokers | 6: 20 Mana for all allies and 15 additional Mana for Invokers","offense","Special combat rule","https://lolchess.gg/synergies/set9/guide?hl=en"
"set9","Runeterra Reforged","Ionia","Ionia","ORIGIN","3/6/9","Every 4 seconds, your strongest Ionians are enlightened to their spirit form and gain 20 Mana. Each Ionian has a unique bonus within their ability, which doubles when in spirit form.","3: 100% Ionian bonus, 1 enlightened | 6: 200% Ionian bonus, 2 enlightened | 9: 325% Ionian bonus, 3 enlightened","offense","Special combat rule","https://lolchess.gg/synergies/set9/guide?hl=en"
"set9","Runeterra Reforged","Juggernaut","Juggernaut","CLASS","2/4/6","Juggernaut champions take less damage as their Health decreases.","2: 15% to 25% damage reduction | 4: 25% to 40% damage reduction | 6: 35% to 50% damage reduction","defense","Primarily statistical","https://lolchess.gg/synergies/set9/guide?hl=en"
"set9","Runeterra Reforged","Multicaster","Multicaster","CLASS","2/4","Multicasters cast their Ability multiple times. Bonus casts have 66% reduced effectiveness.","2: 1 extra cast | 4: 2 extra casts","special","Special combat rule","https://lolchess.gg/synergies/set9/guide?hl=en"
"set9","Runeterra Reforged","Noxus","Noxus","ORIGIN","3/6/9","Noxus units gain Health, Ability Power and Attack Damage. This is increased by 5% for each different opponent that either you have conquered in combat or is dead.","3: 170 Health, 17 Ability Power, 17% Attack Damage. | 6: 340 Health, 34 Ability Power, 34% Attack Damage. | 9: 700 Health, 70 Ability Power, 70% Attack Damage.","defense, offense","Primarily statistical","https://lolchess.gg/synergies/set9/guide?hl=en"
"set9","Runeterra Reforged","Piltover","Piltover","ORIGIN","3/6","Gain the T-Hex. Every time you lose a combat, the T-Hex gains a Charge. Winning releases the Charges, granting the T-Hex power based on the amount released.","3: Gain the T-Hex. | 6: Gain bonus loot every round. Each loss counts as 2 losses instead.","economy, position","Non-combat or mixed economy","https://lolchess.gg/synergies/set9/guide?hl=en"
"set9","Runeterra Reforged","Redeemer","Redeemer","CLASS","1","","1: Whenever an ally gains a Shield, grant them 8% stacking Attack Speed for the rest of combat.","defense, offense","Primarily statistical","https://lolchess.gg/synergies/set9/guide?hl=en"
"set9","Runeterra Reforged","Rogue","Rogue","CLASS","2/4","","2: The first time Rogues fall below 50% Health they briefly become untargetable and dash towards an enemy within 4 hexes, preferring backliners. | 4: Additionally, attacking an enemy for the first time causes that enemy to bleed, dealing 50% of their max Health as magic damage over 5 seconds.","position, transformation, defense","Visible formation rule","https://lolchess.gg/synergies/set9/guide?hl=en"
"set9","Runeterra Reforged","ShadowIsles","Shadow Isles","ORIGIN","2/4/6","After dealing or receiving damage 10 times, Shadow Isles unit gain a Shield for 15 seconds and become Spectral for the rest of combat. Spectral units gain Mana every second.","2: 45% Health Shield, 6 Mana | 4: 80% Health Shield, 12 Mana | 6: 115% Health Shield, 18 Mana","defense, offense","Primarily statistical","https://lolchess.gg/synergies/set9/guide?hl=en"
"set9","Runeterra Reforged","Shurima","Shurima","ORIGIN","3/5/7/9","Every 4 seconds, Shuriman heal 5% max Health. After 8 seconds, select Shruiman ascend and gain 33% max Health and 45% Attack Speed.","3: The strongest Shuriman Ascends | 5: All Shurimans Ascend | 7: Instead, Ascend at combat start. +25% Ascension bonus | 9: Ascend twice, at combat start and after 8 seconds. +25% Ascension bonus","transformation, defense, offense, choice","Visible transformation","https://lolchess.gg/synergies/set9/guide?hl=en"
"set9","Runeterra Reforged","Slayer","Slayer","CLASS","2/3/5/6","Slayers gain 12% omnivamp. Additionally, Slayers deal bonus damage, doubled against units below 66% health.","2: +5% bonus damage | 3: +10% bonus damage | 4: +20% bonus damage | 5: +30% bonus damage | 6: +40% bonus damage","transformation, defense, offense","Primarily statistical","https://lolchess.gg/synergies/set9/guide?hl=en"
"set9","Runeterra Reforged","Sorcerer","Sorcerer","CLASS","2/4/6/8","Sorcerers gain bonus Ability Power. When an enemy dies after being damaged by a Sorcerer, they deal a percentage of that enemy's maximum Health to another enemy.","2: 25 Ability Power; 10% max | 4: 50 Ability Power; 10% max | 6: 80 Ability Power; 12% max to 2 enemies | 8: 120 Ability Power; 20% max to 2 enemies","defense, offense","Primarily statistical","https://lolchess.gg/synergies/set9/guide?hl=en"
"set9","Runeterra Reforged","Strategist","Strategist","CLASS","2/3/4/5","Combat Start: Allies in the front 2 rows gain a shield for 15 seconds. Allies in the back 2 rows gain Ability Power.","2: 250 shield; 15 Ability Power | 3: 400 shield; 25 Ability Power | 4: 600 shield; 40 Ability Power | 5: 900 shield; 60 Ability Power","position, defense, offense","Visible formation rule","https://lolchess.gg/synergies/set9/guide?hl=en"
"set9","Runeterra Reforged","Targon","Targon","ORIGIN","2/3/4","Your healing and shielding is increased.","2: 20% increased healing and shielding | 3: 40% increased healing and shielding | 4: 70% increased healing and shielding","defense","Special combat rule","https://lolchess.gg/synergies/set9/guide?hl=en"
"set9","Runeterra Reforged","Technogenius","Technogenius","CLASS","1","","1: Gain a playable Apex Turret. Heimerdinger will offer upgrades to the Apex Turret in your shop for 6 gold. You may purchase up to 3 total upgrades.","economy","Non-combat or mixed economy","https://lolchess.gg/synergies/set9/guide?hl=en"
"set9","Runeterra Reforged","Void","Void","ORIGIN","3/6/8","Void units create a void egg. Once your team loses 40% of their health, the egg hatches into a creature, knocking up nearby units. Each Void unit star level increases the summon's health and AP by 25%.","3: Void Remora | 6: Rift Herald | 8: Baron Nashor","summon, transformation, defense","Board-changing summon","https://lolchess.gg/synergies/set9/guide?hl=en"
"set9","Runeterra Reforged","Wanderer","Wanderer","ORIGIN","1","","1: Wanderers' spells change depending on the Region Portal players voted for at the start of the game.","special","Special combat rule","https://lolchess.gg/synergies/set9/guide?hl=en"
"set9","Runeterra Reforged","Yordle","Yordle","ORIGIN","3/5","Your units gain 10% Attack Speed per star level. If you have three 3-star champions, your Yordles can become 4-star, which gives their Ability a wacky upgrade!","3: Your strongest 3-star Yordle | 5: Two 3-star Yordles","transformation, offense","Primarily statistical","https://lolchess.gg/synergies/set9/guide?hl=en"
"set9","Runeterra Reforged","Zaun","Zaun","ORIGIN","2/4/6","Zaun champions create random chem-mods that only they can use. Champions can be modded once, and mods can only be removed by selling the champion.","2: Gain 1 chem-mod | 4: Gain 2 chem-mods | 6: Gain 3 chem-mods and Overcharge mods","choice","Special combat rule","https://lolchess.gg/synergies/set9/guide?hl=en"
"set9.5","Runeterra Reforged: Horizonbound","Bastion","Bastion","CLASS","2/4/6/8","Bastion champions gain Armor and Magic Resist. This is increased by 100% for the first 10 seconds of combat.","2: 20 Defenses | 4: 45 Defenses | 6: 75 Defenses | 8: 140 Defenses","defense","Primarily statistical","https://lolchess.gg/synergies/set9.5/guide?hl=en"
"set9.5","Runeterra Reforged: Horizonbound","Bilgewater","Bilgewater","ORIGIN","3/5/7/9","Bilgerat attacks and Abilities mark enemies. The mark stores a percentage of damage dealt to the enemy by Bilgerats. Marked enemies are struck by a cannonball after 1.5 seconds, dealing the stored damage plus a flat value as physical damage.","3: 100 + 40% Damage dealt | 5: 170 + 60% Damage dealt | 7: 325 + 70% Damage dealt | 9: 999 + 135% Damage dealt; nearby enemies take 50% of cannonball damage","special","Special combat rule","https://lolchess.gg/synergies/set9.5/guide?hl=en"
"set9.5","Runeterra Reforged: Horizonbound","Bruiser","Bruiser","CLASS","2/3/4/6","Your units gain 100 Health. Bruisers gain additional maximum Health.","2: +10% Health | 3: +12% Health | 4: +45% Health | 6: +80% Health","defense","Primarily statistical","https://lolchess.gg/synergies/set9.5/guide?hl=en"
"set9.5","Runeterra Reforged: Horizonbound","Challenger","Challenger","CLASS","2/4/6/8","Challengers gain bonus Attack Speed. When their target dies, Challengers dash to a new target and increase their Attack Speed bonus by 50% for 2.5 seconds.","2: 30% Attack Speed. | 4: 65% Attack Speed. | 6: 105% Attack Speed. | 8: 150% Attack Speed.","offense","Primarily statistical","https://lolchess.gg/synergies/set9.5/guide?hl=en"
"set9.5","Runeterra Reforged: Horizonbound","Darkin","Darkin","ORIGIN","1/2","","1: Darkin are possessed by a weapon. When they die, the weapon possesses the nearest ally champion, granting them the weapon's power. | 2: Weapon powers become 50% stronger. Weapon powers are described in each Darkin's Ability tooltip.","special","Special combat rule","https://lolchess.gg/synergies/set9.5/guide?hl=en"
"set9.5","Runeterra Reforged: Horizonbound","Demacia","Demacia","ORIGIN","3/5/7/9","Your strongest Demacians become Elite and equip a random Radiant item each combat. Elites grant Armor and Magic Resist to themselves and adjacent allies, but this does not stack.","3: 1 Elite, 5 Armor, 5 Magic resist | 5: 2 Elites, 25 Armor, 25 Magic resist | 7: 3 Elites, 45 Armor, 45 Magic resist | 9: 6 Elites, 150 Armor, 150 Magic resist","position, defense, choice","Visible formation rule","https://lolchess.gg/synergies/set9.5/guide?hl=en"
"set9.5","Runeterra Reforged: Horizonbound","Empress","Empress","CLASS","1","","1: When Bel'Veth kills an enemy, they leave behind Void Coral that she will consume. The first Coral increases her max Health by 50%, while further Coral heals her 20% max Health. When a Void Coral is consumed, she deals 10% max Health as magic damage to enemies within 2 hexes.","position, transformation, defense","Visible formation rule","https://lolchess.gg/synergies/set9.5/guide?hl=en"
"set9.5","Runeterra Reforged: Horizonbound","Freljord","Freljord","ORIGIN","2/3","After 8 seconds, an ice storm strikes the battlefield. Enemies take a percentage of their max Health as true damage and gain debuffs. Sunder: reduce Armor Shred: reduce Magic Resist","2: 10% health, enemies are 30% Sundered and Shredded for 10 seconds | 3: 18% health, enemies are also stunned for 1.5 seconds","defense","Primarily statistical","https://lolchess.gg/synergies/set9.5/guide?hl=en"
"set9.5","Runeterra Reforged: Horizonbound","Gunner","Gunner","CLASS","2/4/6","When Gunner champions attack, they gain bonus Attack Damage, up to 8 stacks.","2: 7% Attack Damage per attack | 4: 13% Attack Damage per attack | 6: 25% Attack Damage per attack","offense","Primarily statistical","https://lolchess.gg/synergies/set9.5/guide?hl=en"
"set9.5","Runeterra Reforged: Horizonbound","Invoker","Invoker","CLASS","2/4/6/8","Every 3 seconds, your units gain Mana.","2: 5 to all | 4: Additional 15 to Invokers | 6: 20 to all, additional 15 to Invokers | 8: 40 to all, and start with an additional 30 Ability Power","offense","Primarily statistical","https://lolchess.gg/synergies/set9.5/guide?hl=en"
"set9.5","Runeterra Reforged: Horizonbound","Ionia","Ionia","ORIGIN","3/6/9","Each Ionian has a unique bonus within their Ability. Every 4 seconds, a number of Ionians are enlightened to their spirit form, gaining 20 mana and doubling stat bonuses for 4 seconds.","3: 100% Ionian bonus, 1 enlightened | 6: 200% Ionian bonus, 2 enlightened | 9: 425% Ionian bonus, 4 enlightened","offense","Special combat rule","https://lolchess.gg/synergies/set9.5/guide?hl=en"
"set9.5","Runeterra Reforged: Horizonbound","Ixtal","Ixtal","ORIGIN","2/3/4","Gain elemental hexes, which give a different bonus from game to game.","2: Create 1 hex | 3: Create 2 hexes. | 4: Something cool (Effect depends on current elemental)","position","Visible formation rule","https://lolchess.gg/synergies/set9.5/guide?hl=en"
"set9.5","Runeterra Reforged: Horizonbound","Juggernaut","Juggernaut","CLASS","2/4/6","Juggernaut champions take less damage as their Health decreases.","2: 15% to 25% damage reduction | 4: 20% to 35% damage reduction | 6: 35% to 50% damage reduction","defense","Primarily statistical","https://lolchess.gg/synergies/set9.5/guide?hl=en"
"set9.5","Runeterra Reforged: Horizonbound","Multicaster","Multicaster","CLASS","2/3/4","Multicasters cast their Ability multiple times. Bonus casts have 55% reduced effectiveness.","2: 1 extra cast. 55% reduced effectiveness. | 3: 1 extra cast. 35% reduced effectiveness. | 4: 1 extra cast. 35% reduced effectiveness. Multicaster attacks grant 5 bonus Mana.","offense","Special combat rule","https://lolchess.gg/synergies/set9.5/guide?hl=en"
"set9.5","Runeterra Reforged: Horizonbound","Noxus","Noxus","ORIGIN","3/5/7/9","Noxus champions gain Health, Ability Power and Attack Damage. This is increased by 5% for each different opponent that either you have conquered in combat or is dead.","3: 160 Health, 16 Ability Power, 16% Attack Damage. | 5: 300 Health, 30 Ability Power, 30% Attack Damage. | 7: 420 Health, 42 Ability Power, 42% Attack Damage. | 9: 750 Health, 75 Ability Power, 75% Attack Damage.","defense, offense","Primarily statistical","https://lolchess.gg/synergies/set9.5/guide?hl=en"
"set9.5","Runeterra Reforged: Horizonbound","Piltover","Piltover","ORIGIN","3/6","Gain the T-Hex. Every time you lose a player combat, the T-Hex gains Charges. Winning converts the Charges to Power for the T-Hex and grants you loot based on the number of Charges converted.","3: Gain the T-Hex. | 6: Gain bonus loot every round. Each loss counts as 2 losses instead.","economy, position","Non-combat or mixed economy","https://lolchess.gg/synergies/set9.5/guide?hl=en"
"set9.5","Runeterra Reforged: Horizonbound","ReaverKing","Reaver King","CLASS","1","","1: Gangplank uses his cutlass passive when placed in the front 2 rows and his pistol passive when placed in the back 2 rows.","position","Visible formation rule","https://lolchess.gg/synergies/set9.5/guide?hl=en"
"set9.5","Runeterra Reforged: Horizonbound","Rogue","Rogue","CLASS","2/4","","2: When a Rogue falls below 35% Health, they briefly become untargetable and dash to an enemy within 4 hexes (preferring enemy backline). | 4: Additionally, a Rogue's first attack on an enemy bleeds them for 55% of their max Health as magic damage over 2.5 seconds.","position, transformation, defense","Visible formation rule","https://lolchess.gg/synergies/set9.5/guide?hl=en"
"set9.5","Runeterra Reforged: Horizonbound","Shurima","Shurima","ORIGIN","2/4/6/9","Every 4 seconds, Shurimans heal 5% maximum Health. After 8 seconds, select Shurimans Ascend and gain 20% maximum Health and 30% Attack Speed.","2: The strongest Shuriman Ascends | 4: All Shurimans Ascend. +30% Ascension bonus | 6: Instead, Ascend at combat start. +60% Ascension bonus | 9: Ascend twice, at combat start and after 8 seconds. +111% Ascension bonus","transformation, defense, offense, choice","Visible transformation","https://lolchess.gg/synergies/set9.5/guide?hl=en"
"set9.5","Runeterra Reforged: Horizonbound","Slayer","Slayer","CLASS","2/4/6","Slayers gain 12% Omnivamp. Slayers deal bonus damage, doubled against units below 66% Health.","2: +6% bonus damage | 4: +20% bonus damage | 6: +40% bonus damage","transformation, defense, offense","Primarily statistical","https://lolchess.gg/synergies/set9.5/guide?hl=en"
"set9.5","Runeterra Reforged: Horizonbound","Sorcerer","Sorcerer","CLASS","2/4/6/8","Sorcerers gain bonus Ability Power. When an enemy dies after being damaged by a Sorcerer, they deal a percentage of that enemy's maximum Health to another enemy.","2: 25 Ability Power; 7% max | 4: 50 Ability Power; 10% max | 6: 80 Ability Power; 12% max to 2 enemies | 8: 120 Ability Power; 15% max to 2 enemies","defense, offense","Primarily statistical","https://lolchess.gg/synergies/set9.5/guide?hl=en"
"set9.5","Runeterra Reforged: Horizonbound","Strategist","Strategist","CLASS","2/3/4/5","Combat Start: Allies in the front 2 rows gain a shield for 15 seconds and allies in the back 2 rows gain Ability Power.","2: 250 shield; 15 Ability Power | 3: 400 shield; 25 Ability Power | 4: 600 shield; 40 Ability Power | 5: 900 shield; 60 Ability Power","position, defense, offense","Visible formation rule","https://lolchess.gg/synergies/set9.5/guide?hl=en"
"set9.5","Runeterra Reforged: Horizonbound","Targon","Targon","ORIGIN","2/3/4","All of your units' healing and shielding is improved.","2: 18% increased healing and shielding | 3: 35% increased healing and shielding | 4: 60% increased healing and shielding","defense","Special combat rule","https://lolchess.gg/synergies/set9.5/guide?hl=en"
"set9.5","Runeterra Reforged: Horizonbound","Technogenius","Technogenius","CLASS","1","","1: Gain a placeable Apex Turret with 3 upgrade slots. Upgrades to the Apex Turret will show up in your shop for 6 gold. The Apex Turret shares Heimerdinger's Attack Speed and Ability Power. You may only have 1 Apex Turret.","economy, offense","Non-combat or mixed economy","https://lolchess.gg/synergies/set9.5/guide?hl=en"
"set9.5","Runeterra Reforged: Horizonbound","Vanquisher","Vanquisher","CLASS","2/4/6","Damage from Vanquisher Abilities can critically strike. Vanquishers gain bonus Critical Strike Chance and Critical Strike Damage.","2: 15% chance, 10% damage | 4: 35% chance, 35% damage | 6: 55% chance, 55% damage","offense","Special combat rule","https://lolchess.gg/synergies/set9.5/guide?hl=en"
"set9.5","Runeterra Reforged: Horizonbound","Void","Void","ORIGIN","3/6/8","Get a placeable void egg. At the start of combat, it hatches into an unspeakable horror and knocks up adjacent enemies. Each Void star level increases the horror's Health and Ability Power by 25%.","3: Void Remora | 6: Rift Herald | 8: Baron Nashor","position, transformation, defense, offense","Visible formation rule","https://lolchess.gg/synergies/set9.5/guide?hl=en"
"set9.5","Runeterra Reforged: Horizonbound","Wanderer","Wanderer","ORIGIN","1","","1: Ryze's spell changes depending on the Region Portal players voted for at the start of the game.","special","Special combat rule","https://lolchess.gg/synergies/set9.5/guide?hl=en"
"set9.5","Runeterra Reforged: Horizonbound","Zaun","Zaun","ORIGIN","2/4/6","Zaun champions create random chem-mods that only they can use. Champions can be modded once, and mods can be removed by benching or selling the champion.","2: Gain 1 chem-mod | 4: Gain 2 chem-mods and Overcharge them | 6: Gain 5 chem-mods and Overcharge them","choice","Special combat rule","https://lolchess.gg/synergies/set9.5/guide?hl=en"
"set10","Remix Rumble","8Bit","8-bit","ORIGIN","2/4","Keep score of your team's damage dealt. For each high score you beat, 8-bit champions gain Attack Damage.","2: 5% AD | 4: 9% AD | 6: 14% AD and unlock a final high score, that rewards you with a grand prize.","economy, offense","Non-combat or mixed economy","https://lolchess.gg/synergies/set10/guide?hl=en"
"set10","Remix Rumble","BigShot","Big Shot","CLASS","2/4/6","Big Shots gain Attack Damage. which increases for 3 seconds when they use their Ability.","2: 10% Attack Damage, 40% after casting | 4: 20% Attack Damage, 60% after casting | 6: 40% Attack Damage, 100% after casting","offense","Primarily statistical","https://lolchess.gg/synergies/set10/guide?hl=en"
"set10","Remix Rumble","Brawler","Bruiser","CLASS","2/4/6","Your team gains 100 Health. Bruiser gain bonus maximum Health.","2: 20% max Health | 4: 45% max Health | 6: 90% max Health","defense","Primarily statistical","https://lolchess.gg/synergies/set10/guide?hl=en"
"set10","Remix Rumble","Breakout","Breakout","CLASS","1","","1: Akali is a member of K/DA or True Damage depending on which trait has more fielded champions. She gains a different Ability depending on which form she takes.","special","Special combat rule","https://lolchess.gg/synergies/set10/guide?hl=en"
"set10","Remix Rumble","Country","Country","ORIGIN","3/5","When your team loses 30% of their Health, a Dreadsteed that empowers your team. Each Country star level increases the Dreadsteed's Health and Attack Damage.","3: Dreadsteed | 5: Midnight Dreadsteed | 7: Infernal Invocation Dreadsteed","transformation, defense, offense","Primarily statistical","https://lolchess.gg/synergies/set10/guide?hl=en"
"set10","Remix Rumble","CrowdDiver","Crowd Diver","CLASS","2/4","After Crowd Divers die, they leap onto the furthest enemy, dealing 300 magic damage. Enemies within 1 hex are Stunned for 1.5 seconds. They also deal bonus damage, increased by 1% each second.","2: 12% bonus damage | 4: 30% bonus damage | 6: 50% bonus damage","position","Visible formation rule","https://lolchess.gg/synergies/set10/guide?hl=en"
"set10","Remix Rumble","Dazzler","Dazzler","CLASS","2/4","Dazzler' Ability reduce their target's damage by 10% and deal bonus magic damage over 2 seconds.","2: 20% magic damage | 4: 60% magic damage | 6: 100% magic damage","special","Special combat rule","https://lolchess.gg/synergies/set10/guide?hl=en"
"set10","Remix Rumble","Disco","Disco","ORIGIN","3/4/5","Summon a movable Disco Ball. Combat start: Allies next to it gain Attack Speed and healing immediately and every 3 seconds.","3: 5% Attack Speed, 2% max Health | 4: 8% Attack Speed, 3% max Health | 5: 2 Disco Balls, 12% Attack Speed, 3% max Health | 6: 20% Attack Speed, 4% max Health","summon, defense, offense","Board-changing summon","https://lolchess.gg/synergies/set10/guide?hl=en"
"set10","Remix Rumble","Edgelord","Edgelord","CLASS","3/5/7","Edgelords gain Attack Speed which doubles when their target drops target drops below 50% Health. Edgelords with 1-hex range also dash through them on their next attack.","3: 30% Attack Speed | 5: 55% Attack Speed | 7: 85% Attack Speed","position, transformation, defense, offense","Visible formation rule","https://lolchess.gg/synergies/set10/guide?hl=en"
"set10","Remix Rumble","EDM","EDM","ORIGIN","2/4/5","Use the EDM selector item to choose an EDM champion and see the frequency for each. At the selected champions's frequency, your EDM champions cast the selected Ability with modified effectiveness.","2: 90% effectiveness | 3: 110% effectiveness | 4: 120% effectiveness, -1 second | 5: 135% effectiveness, -1 seconds","choice","Special combat rule","https://lolchess.gg/synergies/set10/guide?hl=en"
"set10","Remix Rumble","EMO","Emo","ORIGIN","2/4/6","Emo Champions' Ability cost less Mana to cast, and they gain Mana whenever an allied champion dies.","2: 20% less, gain 20 Mana | 4: 30% less, gain 30 Mana | 6: +20 AP, 40% less, gain 40 Mana","offense","Special combat rule","https://lolchess.gg/synergies/set10/guide?hl=en"
"set10","Remix Rumble","Executioner","Executioner","CLASS","2/4/6","Executioner Abilities can critically strike and they gain Critical Strike Damage. Their Critical Strike Chance is increased based on their target's missing Health.","2: 5% Crit Damage, Up to 25% Crit Chance | 4: 15% Crit Damage, Up to 80% Crit Chance | 6: 30% Crit Damage, Up to 160% Crit Chance","defense, offense","Primarily statistical","https://lolchess.gg/synergies/set10/guide?hl=en"
"set10","Remix Rumble","Guardian","Guardian","CLASS","2/4/6","Once per combat at 50% Health, Guardians shield themselves and their closest ally for a percent of their max Health.","2: 25% | 4: 45% | 6: 70%","defense","Primarily statistical","https://lolchess.gg/synergies/set10/guide?hl=en"
"set10","Remix Rumble","Heartsteel","Heartsteel","ORIGIN","3/5/7/10","Earn Hearts by killing enemies. Gain even more by losing player combat. Every 4 player combats, convert Hearts into powerful rewards!","3: 1x Hearts | 5: 2x Hearts | 7: 5.5x Hearts | 10: 18x Hearts, Gain rewards every round and keep 80% of you Hearts!","economy, transformation","Non-combat or mixed economy","https://lolchess.gg/synergies/set10/guide?hl=en"
"set10","Remix Rumble","Hyperpop","Hyperpop","ORIGIN","1/2/3/4","When Hyperpop champions use an Ability, they grant Mana and 4 seconds of Attack Speed to their 2 closest allies.","1: 5 Mana and 10% Attack Speed | 2: 10 Mana and 20% Attack Speed | 3: 15 Mana and 35% Attack Speed | 4: 20 Mana and 60% Attack Speed","offense","Primarily statistical","https://lolchess.gg/synergies/set10/guide?hl=en"
"set10","Remix Rumble","ILLBEATS","ILLBEATS","ORIGIN","1","","1: Gain 2/2/8 placeable Spirit Tentacles, based on Illaoi's star level. Tentacles gain Illaoi's bonus Armor and Magic Resist.","transformation, defense","Primarily statistical","https://lolchess.gg/synergies/set10/guide?hl=en"
"set10","Remix Rumble","Jazz","Jazz","ORIGIN","2/3/4","For each active trait (except uniques), your team gains bonus Health and deals bonus damage.","2: 1.5% Health, 1% Damage | 3: 2.5% Health, 1.5% Damage | 4: 4% Health, 2% Damage","defense","Primarily statistical","https://lolchess.gg/synergies/set10/guide?hl=en"
"set10","Remix Rumble","KDA","K/DA","ORIGIN","3/5/7/10","Your team gains max Health, Ability Power, and Attack Damage if they are in a lighted hex. K/DA champions gain double!","3: +9% max Health, +9 AP & AD | 5: +15% max Health, +15 AP & AD | 7: +27% max Health, +27 AP & AD | 10: +45% max Health, +45 AP & AD, 10 mana per second","position, defense, offense","Visible formation rule","https://lolchess.gg/synergies/set10/guide?hl=en"
"set10","Remix Rumble","Maestro","Maestro","ORIGIN","1","","1: The Maestro always attacks at a fixed pace, converting 1% bonus Attack Speed into 0.7% Attack Damage.","offense","Primarily statistical","https://lolchess.gg/synergies/set10/guide?hl=en"
"set10","Remix Rumble","Mixmaster","Mixmaster","ORIGIN","1","","1: Choose a mode that changes the Mixmaster's attacks and Ability!","choice","Special combat rule","https://lolchess.gg/synergies/set10/guide?hl=en"
"set10","Remix Rumble","Mosher","Mosher","CLASS","2/4/6/8","Moshers gain Attack Speed and Omnivamp, which increases up to 100% based on their missing Health. Omnivamp: Heal for percentage of damage dealt","2: 20% Attack Speed, 10% Omnivamp | 4: 40% Attack Speed, 15% Omnivamp | 6: 70% Attack Speed, 20% Omnivamp | 8: 125% Attack Speed, 30% Omnivamp","defense, offense","Primarily statistical","https://lolchess.gg/synergies/set10/guide?hl=en"
"set10","Remix Rumble","Pentakill","Pentakill","ORIGIN","3/5/7/10","Pentakill champions reduce incoming damage by 15% and deal bonus damage. For each champion kill, a Pentakill champion rocks out and increases their damage bonus by 25%. On the 5th kills, all Pentakill champions rock out and your team gains 50% Attack Speed.","3: 15% bonus damage | 5: 30% bonus damage | 7: 45% bonus damage | 10: 50% damage reduction and 99% bonus damage","transformation, defense, offense","Primarily statistical","https://lolchess.gg/synergies/set10/guide?hl=en"
"set10","Remix Rumble","Punk","Punk","ORIGIN","2/4","Punks gain bonus Health and Attack Damage, which increases by 1% every time you spend gold on a Shop reroll. After Punks fight in combat, your 1st Shop reroll costs 1 gold and grants 3% bonus instead!","2: +180 Health and +18% Attack Damage | 4: +300 Health and +30% Attack Damage | 6: +420 Health and +42% Attack Damage","economy, defense, offense","Non-combat or mixed economy","https://lolchess.gg/synergies/set10/guide?hl=en"
"set10","Remix Rumble","Rapidfire","Rapidfire","CLASS","2/4/6","Your team gains 10% Attack Speed. Rapidfire champions gain more on every attack, up to 10 stacks.","2: 4% Attack Speed | 4: 9% Attack Speed | 6: 16% Attack Speed","offense","Primarily statistical","https://lolchess.gg/synergies/set10/guide?hl=en"
"set10","Remix Rumble","Sentinel","Sentinel","CLASS","2/4/6/8","Your team gains Armor and Magic Resist. Sentinels gain double.","2: +16 Armor, +16 Magic Resist | 4: +35 Armor, +35 Magic Resist | 6: +55 Armor, +55 Magic Resist | 8: +100 Armor, +100 Magic Resist","defense","Primarily statistical","https://lolchess.gg/synergies/set10/guide?hl=en"
"set10","Remix Rumble","Spellweaver","Spellweaver","CLASS","3/5/7","Your team gains 15 Ability Power. Spellweavers gain more, plus extra Ability Power whenever a Spellweaver casts an Ability.","3: 20 AP, +1 AP per cast | 5: 35 AP, +2 AP per cast | 7: 80 AP, +4 AP per cast | 9: 130 AP, +6 AP per cast","offense","Primarily statistical","https://lolchess.gg/synergies/set10/guide?hl=en"
"set10","Remix Rumble","Superfan","Superfan","CLASS","3/4/5","Superfans improve your Headliner!","3: Headliner gets a completed item | 4: Headliner gets +250 Health and +15% Omnivamp | 5: Item upgrades to radiant Omnivamp: Heal for percentage of damage dealt","defense, offense","Primarily statistical","https://lolchess.gg/synergies/set10/guide?hl=en"
"set10","Remix Rumble","TrueDamage","True Damage","ORIGIN","2/4/6/9","True Damage champions deal bonus true damage. If they are holding an item, they gain a unique Bling Bonus for their Ability.","2: 15% damage | 4: 30% damage | 6: 45% damage | 9: 99% damage, Bling Bonuses go Platinum!","special","Special combat rule","https://lolchess.gg/synergies/set10/guide?hl=en"
"set10","Remix Rumble","Wildcard","Wildcard","ORIGIN","1","","1: If you win player combat, Kayn becomes the Shadow Assassin. If not, he becomes Rhaast. You receive a reward based on his form every time he kills 2 enemy champions. Shadow Assassin: 3g Rhaast: 1 player health.","economy, transformation, defense","Non-combat or mixed economy","https://lolchess.gg/synergies/set10/guide?hl=en"
"set11","Inkborn Fables","Altruist","Altruist","CLASS","2/3/4","Altruists heal the lowest Health ally for 15% of damage they deal. Your team gains Armor and Magic Resist.","2: 10 AR/MR | 3: 20 AR/MR | 4: 40 AR/MR","defense","Primarily statistical","https://lolchess.gg/synergies/set11/guide?hl=en"
"set11","Inkborn Fables","Arcanist","Arcanist","CLASS","2/4/6/8","Arcanists gain Ability Power and grant Ability Power to allies.","2: 20 AP to all allies. | 4: 50 AP for Arcanists; 20 AP for others | 6: 90 AP for Arcanists; 50 AP for others | 8: 135 AP for Arcanists; 135 AP for others","offense","Primarily statistical","https://lolchess.gg/synergies/set11/guide?hl=en"
"set11","Inkborn Fables","Artist","Artist","CLASS","1","","1: The Artist paints the champion you place in a special bench slot. Get a 1-star copy of the champion placed there when the Artist's work is complete. Rounds to Complete = Unit Cost","summon","Special combat rule","https://lolchess.gg/synergies/set11/guide?hl=en"
"set11","Inkborn Fables","Behemoth","Behemoth","CLASS","2/4/6","Behemoths gain increased Armor and Magic Resist. Whenever a Behemoth dies, the nearest Behemoth gains 50% more for 8 seconds.","2: 25 AR/MR | 4: 55 AR/MR | 6: 85 AR/MR | 8: 115 AR/MR","defense","Primarily statistical","https://lolchess.gg/synergies/set11/guide?hl=en"
"set11","Inkborn Fables","Bruiser","Bruiser","CLASS","2/4/6/8","Your team gains 100 maximum Health. Bruisers gain additional maximum Health.","2: 20% Health | 4: 40% Health | 6: 65% Health | 8: 80% Health; Every 3 seconds, Bruisers deal 6% HP bonus physical damage on their next attack.","defense","Primarily statistical","https://lolchess.gg/synergies/set11/guide?hl=en"
"set11","Inkborn Fables","Dragonlord","Dragonlord","ORIGIN","2/3/4/5","After 8 seconds of combat, the Dragon strikes the board, dealing true damage to enemies and granting all allies Attack Speed for the rest of combat.","2: 5% HP damage, 12% AS. | 3: 10% HP damage, 18% AS. | 4: 10% HP damage and Stuns for 1.5 seconds. | 5: 15% HP damage, 45% AS.","summon, offense","Board-changing summon","https://lolchess.gg/synergies/set11/guide?hl=en"
"set11","Inkborn Fables","Dryad","Dryad","ORIGIN","2/4/6","Dryads gain Ability Power and 150 Health. Each enemy death grants permanent additional Health.","2: 15 AP; 3 HP per enemy death | 4: 30 AP; 7 HP per enemy death | 6: 55 AP; 10 HP per enemy death","transformation, defense, offense","Primarily statistical","https://lolchess.gg/synergies/set11/guide?hl=en"
"set11","Inkborn Fables","Duelist","Duelist","CLASS","2/4/6/8","Duelists gain Attack Speed on each attack, stacking up to 12 times.","2: 5% AS | 4: 9% AS | 6: 13% AS; Duelists take 12% less damage | 8: 18% AS; Duelists take 18% less damage","offense","Primarily statistical","https://lolchess.gg/synergies/set11/guide?hl=en"
"set11","Inkborn Fables","Fated","Fated","ORIGIN","3/5/7/10","Hover one Fated unit over another to form a pair and unlock a Fated Bonus. Your pair gains 20% HP.","3: Pair gets the Fated Bonus. | 5: All Fated champions get 200% of the Fated Bonus | 7: All Fated champions get 300% of the Fated Bonus | 10: All Fated champions gain 300% of EVERY Fated Bonus","special","Special combat rule","https://lolchess.gg/synergies/set11/guide?hl=en"
"set11","Inkborn Fables","Fortune","Fortune","ORIGIN","3/5/7","When you lose a fight, gain Luck. The more fights in a row you lose, the more Luck you get. Lose Luck when you win.","3: Roll a die; in that many player combats, hold a Festival! At the Festival, you have the option to convert your Luck into rewards. | 5: Heal 2 player health at the start of each player combat. | 7: Fortune smiles! Gain extra rewards and more luck every turn no matter what, and hold a Festival every turn.","economy, position, defense","Non-combat or mixed economy","https://lolchess.gg/synergies/set11/guide?hl=en"
"set11","Inkborn Fables","Ghostly","Ghostly","ORIGIN","2/4/6/8","Upon dealing or taking damage 5 times, Ghostly units send 2 spectres to haunt nearby enemies and heal 2% max Health every 2 seconds. Haunted enemies take bonus damage for each spectre on them, and pass spectres on death.","2: 5% per spectre | 4: 10% per spectre | 6: 16% per spectre | 8: 36% per spectre","transformation, defense","Primarily statistical","https://lolchess.gg/synergies/set11/guide?hl=en"
"set11","Inkborn Fables","Great","Great","CLASS","1","","1: Every 3 casts, Wukong grows his weapon, modifying his Abilities.","position","Visible formation rule","https://lolchess.gg/synergies/set11/guide?hl=en"
"set11","Inkborn Fables","Heavenly","Heavenly","ORIGIN","2/3/4/5/6/7","Heavenly units grant unique stats to your team, increased for each Heavenly unit in play. Heavenly units gain 70% more. Kha'Zix - +10% Crit chance Malphite - +8 AR/MR Neeko - +60 HP Qiyana - +10% AD Soraka - +10% AP Wukong - +10% AS Emblem - +5% Omnivamp 2-stars grant 30% more. 3-stars grant 50% more.","2: 100% bonus. | 3: 110% bonus. | 4: 125% bonus. | 5: 145% bonus. | 6: 170% bonus. | 7: 200% bonus.","offense","Special combat rule","https://lolchess.gg/synergies/set11/guide?hl=en"
"set11","Inkborn Fables","Inkshadow","Inkshadow","ORIGIN","3/5/7","Gain unique Inkshadow items. Inkshadow champions gain 5% bonus damage and damage reduction. Which Inkshadow items you get changes each game.","3: An Inkshadow item (Different from each game) | 5: An Inkshadow item (Different from each game), and 11% more bonus damage and damage reduction. | 7: An Inkshadow item (Different from each game), and 17% more bonus damage and damage reduction.","defense","Special combat rule","https://lolchess.gg/synergies/set11/guide?hl=en"
"set11","Inkborn Fables","Invoker","Invoker","CLASS","2/4/6","Every 3 seconds, your units gain Mana.","2: 5 Mana to all allies. | 4: 20 Mana to Invokers; 5 Mana to others. | 6: 35 Mana to Invokers; 20 Mana to others.","offense","Special combat rule","https://lolchess.gg/synergies/set11/guide?hl=en"
"set11","Inkborn Fables","Lovers","Lovers","CLASS","1","","1: Change which Lover takes the field depending on whether they are placed in the front or back 2 rows. When the fielded Lover casts, the other provides a bonus effect. Front: Trickshot Xayah Back: Altruist Rakan","position","Visible formation rule","https://lolchess.gg/synergies/set11/guide?hl=en"
"set11","Inkborn Fables","Mythic","Mythic","ORIGIN","3/5/7/10","Mythic champions gain Health, Ability Power, and Attack Damage. After 4 player combats, they become Epic, increasing the bonus by 50%.","3: +8% HP, 11% AP/AD | 5: +18% HP, 22% AP/AD | 7: +25% HP, 35% AP/AD | 10: Instantly become Epic. The bonus is increased by 250% instead.","defense, offense","Primarily statistical","https://lolchess.gg/synergies/set11/guide?hl=en"
"set11","Inkborn Fables","Porcelain","Porcelain","ORIGIN","2/4/6","After casting, Porcelain champions boil, gaining Attack Speed and taking less damage for 4 seconds.","2: 30% AS; 20% reduced damage | 4: 55% AS; 33% reduced damage | 6: 100% AS; 50% reduced damage","offense","Primarily statistical","https://lolchess.gg/synergies/set11/guide?hl=en"
"set11","Inkborn Fables","Reaper","Reaper","CLASS","2/4","","2: Reapers' Abilities can critically strike and they gain 25% Critical Strike Chance. | 4: Additionally, Reapers bleed enemies for 50% bonus true damage over 2 seconds.","offense","Special combat rule","https://lolchess.gg/synergies/set11/guide?hl=en"
"set11","Inkborn Fables","Sage","Sage","CLASS","2/3/4/5","Combat start: Allies in the front 2 rows gain Omnivamp. Allies in the back 2 rows gain Ability Power.","2: 12% Omnivamp, 15 AP | 3: 20% Omnivamp, 30 AP | 4: 30% Omnivamp, 45 AP | 5: 45% Omnivamp, 75 AP","position, offense","Visible formation rule","https://lolchess.gg/synergies/set11/guide?hl=en"
"set11","Inkborn Fables","Sniper","Sniper","CLASS","2/4/6","Innate: Snipers gain 1 Attack Range. Snipers deal more damage to targets farther away.","2: 8% damage per hex. | 4: 17.9% damage per hex. | 6: 34.7% damage per hex. Snipers gain an additional 2 Attack Range.","position","Visible formation rule","https://lolchess.gg/synergies/set11/guide?hl=en"
"set11","Inkborn Fables","SpiritWalker","Spirit Walker","CLASS","1","","1: The first time the Spirit Walker drops below 50% Health, he unleashes the rage within, healing to full Health, gaining increased movement speed, and changing his Ability from Ram Slam to Tiger Strikes.","transformation, defense","Primarily statistical","https://lolchess.gg/synergies/set11/guide?hl=en"
"set11","Inkborn Fables","Storyweaver","Storyweaver","ORIGIN","3/5/7/10","Storyweavers summon a Hero named Kayle and evolve her. Storyweavers gain max Health. Each Storyweaver star level increases Kayle's Health and Ability Power. Kayle gets 15% Attack Speed for each game Stage.","3: Pick a supportive effect. 60 HP | 5: Pick a combat effect. 100 HP | 7: Pick a combat effect. 150 HP | 10: Ascend. 250 HP","summon, transformation, defense, offense","Board-changing summon","https://lolchess.gg/synergies/set11/guide?hl=en"
"set11","Inkborn Fables","Trickshot","Trickshot","CLASS","2/4","Trickshots' abilities ricochet. Each ricochet deals a percentage of the previous bounce's damage.","2: 1 ricochet; 45% of previous damage | 4: 2 ricochets; 60% of previous damage","special","Special combat rule","https://lolchess.gg/synergies/set11/guide?hl=en"
"set11","Inkborn Fables","Umbral","Umbral","ORIGIN","2/4/6/9","The moon illuminates hexes, Shielding units placed in them at the start of combat. Umbral units in illuminated hexes execute low Health enemies.","2: 200 Shield; 10% Health execute | 4: 450 Shield; 18% Health execute. More hexes are illuminated | 6: 900 Shield; 25% Health execute. Illuminate the whole board | 9: Executed enemies have a 100% chance to drop loot; 60% Health execute","economy, position, transformation, defense","Non-combat or mixed economy","https://lolchess.gg/synergies/set11/guide?hl=en"
"set11","Inkborn Fables","Warden","Warden","CLASS","2/4/6","Wardens take less damage. For the first 10 seconds of combat, they take an additional 18% less damage.","2: 10% less damage | 4: 22% less damage | 6: 35% less damage | 8: 45% less damage","special","Special combat rule","https://lolchess.gg/synergies/set11/guide?hl=en"
"set12","Magic n' Mayhem","Arcana","Arcana","ORIGIN","2/3/4/5","Use the Arcana signifier item to choose a High Arcana champion. Each Arcana grants power based on a different condition. Gain power for: Ahri: Fielding 3-star champions. Hecarim: Equipping items. Tahm Kench: Activating traits. Xerath: Purchasing Charms. Emblem: Equipping Spatula items.","2: Arcana's effect to theirs. | 3: Arcana's effect to theirs. | 4: Arcana's effect to theirs. | 5: Arcana's effect to theirs.","choice","Special combat rule","https://lolchess.gg/synergies/set12/guide?hl=en"
"set12","Magic n' Mayhem","Ascendant","Ascendant","CLASS","1","","1: Ascendant Charms can appear in your shop. The odds increase by 8% after player combat, up to 40%. When you buy one, the odds reset.","economy, transformation","Non-combat or mixed economy","https://lolchess.gg/synergies/set12/guide?hl=en"
"set12","Magic n' Mayhem","Bastion","Bastion","CLASS","2/4/6/8","Your team gains 10 Armor and Magic Resist. Bastions gain more, and the value doubles in the first 10 seconds of combat.","2: 15 AR/MR | 4: 40 AR/MR | 6: 100 AR/MR | 8: 200 AR/MR and 2 champions starting combat in the back 2 rows are invulnerable until 4 Bastions die","position, defense","Visible formation rule","https://lolchess.gg/synergies/set12/guide?hl=en"
"set12","Magic n' Mayhem","BatQueen","Bat Queen","CLASS","1","","1: When Morgana's bats kill an enemy, they have a 40% chance abduct a 1-star copy of it.","summon, transformation","Special combat rule","https://lolchess.gg/synergies/set12/guide?hl=en"
"set12","Magic n' Mayhem","Blaster","Blaster","CLASS","2/4/6","Blasters gain Damage Amp, which increases for 3 seconds after casting their Ability.","2: 12% Dmg Amp; 30% during burst | 4: 35% Dmg Amp; 65% during burst | 6: 45% Dmg Amp; 100% during burst","offense","Special combat rule","https://lolchess.gg/synergies/set12/guide?hl=en"
"set12","Magic n' Mayhem","Chrono","Chrono","ORIGIN","2/4/6","Chronos gain 15 Ability Power. Combat start: begin a 10 second countdown, which speeds up by 1 second after each Chrono Ability cast. At the end of the countdown, gain a special effect.","2: Your team restores 15% health; Chronos gain 20 Ability Power | 4: AND freeze time for 3 seconds, Chronos keep fighting and gain 55 Ability Power | 6: Freeze time for 4 seconds, your team heals 100% health; Chronos keep fighting and gain 70 Ability Power and 35% Attack Speed","defense, offense","Primarily statistical","https://lolchess.gg/synergies/set12/guide?hl=en"
"set12","Magic n' Mayhem","Dragon","Dragon","ORIGIN","2/3","","2: Dragon attacks and Abilities 1% Burn and Wound enemies for 5 seconds. | 3: The power of friendship upgrades all dragon Abilities!","summon","Board-changing summon","https://lolchess.gg/synergies/set12/guide?hl=en"
"set12","Magic n' Mayhem","Druid","Druid","ORIGIN","1","","1: Wukong does not have a trait bonus, but instead has a powerful Ability and increased stats.","special","Special combat rule","https://lolchess.gg/synergies/set12/guide?hl=en"
"set12","Magic n' Mayhem","Eldritch","Eldritch","ORIGIN","3/5/7/10","When your team loses 20% of their Health, an Old God awakens. It gains 25% Health and 10% Ability Power for each Eldritch star level.","3: The Tainted Golem | 5: The Dark Monolith | 7: The Many-Eyed Beast | 10: The Stormbringer","summon, transformation, defense, offense","Board-changing summon","https://lolchess.gg/synergies/set12/guide?hl=en"
"set12","Magic n' Mayhem","Faerie","Faerie","ORIGIN","3/5/7/9","Faeries gain Health and create special items that become stronger with trait tiers. Only Faeries can hold Faerie items.","3: 150 Health, Gain Queen's Crown that grants 30% Damage Amp | 5: 400 Health, Crown 45% Damage Amp, Gain Queenguard's Armor | 7: 700 Health, Crown 65% Damage Amp, Gain a 2nd Crown | 9: 999 Health, Crown 66% Damage Amp, Items become Radiant","position, defense, offense","Visible formation rule","https://lolchess.gg/synergies/set12/guide?hl=en"
"set12","Magic n' Mayhem","Frost","Frost","ORIGIN","3/5/7/9","Frost champions gain Ability Power and Attack Damage. The first few enemies to die become allied ice soldiers which lure enemy attacks if they are within range and retargeting. Soldiers have 200 Health per stage.","3: 16% AD/AP, 1 soldier | 5: 40% AD/AP, 2 soldiers | 7: 55% AD/AP, 3 soldiers, soldiers explode on death | 9: 90% AD/AP, 4 soldiers, explosion power doubles","position, transformation, defense, offense","Primarily statistical","https://lolchess.gg/synergies/set12/guide?hl=en"
"set12","Magic n' Mayhem","Honeymancy","Honeymancy","ORIGIN","3/5/7","Honeymancy gain 5 Bees That deal magic damage to their target every 3 seconds. Each Bee deals damage based on the damage a Honeymancer deals and takes. When a Honeymancer dies, they leave 1/1/3 Bee that follows nearby Honeymancers for the rest of combat.","3: 7% of damage dealt, 3% of damage taken | 5: 13% of damage dealt, 5% of damage taken | 7: 20% of damage dealt, 10% of damage taken. Bees deal damage twice as often.","special","Special combat rule","https://lolchess.gg/synergies/set12/guide?hl=en"
"set12","Magic n' Mayhem","Hunter","Hunter","CLASS","2/4/6","Hunters gain Attack Damage, increased the first time they get a takedown each combat.","2: 15% AD, 35% after takedown | 4: 40% AD, 65% after takedown | 6: 70% AD, 100% after takedown, 20% AS","transformation, offense","Primarily statistical","https://lolchess.gg/synergies/set12/guide?hl=en"
"set12","Magic n' Mayhem","Incantor","Incantor","CLASS","2/4","Your team gains 10 Ability Power. When Incantors attack or cast, all Incantors gain stacks of Ability Power up to 40. Every other attack grants 1 stack, and each Ability cast grants 5 stacks.","2: 1 AP per stack | 4: 2 AP per stack; your team gains 30 AP","offense","Primarily statistical","https://lolchess.gg/synergies/set12/guide?hl=en"
"set12","Magic n' Mayhem","Mage","Mage","CLASS","3/5/7/10","Mages cast their Abilities twice and have modified total Ability Power.","3: 85% Ability Power | 5: 95% Ability Power | 7: 110% Ability Power | 10: 200% Ability Power, Mages cast MUCH more frequently","offense","Primarily statistical","https://lolchess.gg/synergies/set12/guide?hl=en"
"set12","Magic n' Mayhem","Multistriker","Multistriker","CLASS","3/5/7/9","Multistrikers' attacks have a chance to trigger 2 extra attacks.","3: 25% chance | 5: 65% chance | 7: 80% chance; heal 3% max Health every attack | 9: 100% chance; heal 10% max Health every attack","defense","High-variance combat","https://lolchess.gg/synergies/set12/guide?hl=en"
"set12","Magic n' Mayhem","Portal","Portal","ORIGIN","3/6/8/10","Combat start: Portal champions Shield for 15 seconds. Objects from other dimensions fly out of a portal every few seconds to help allies and disrupt enemies. The portal becomes 8% stronger for each Portal champion's star level.","3: 200 Shield, Small portal | 6: 450 Shield, Medium portal | 8: 700 Shield, Large portal | 10: 1500 Shield, GIGA portal","transformation, defense","Special combat rule","https://lolchess.gg/synergies/set12/guide?hl=en"
"set12","Magic n' Mayhem","Preserver","Preserver","CLASS","2/3/4/5","Your team heals for a percent of their max Health every 3 seconds. If they're full Health, restore Mana instead. Preservers gain double the amount.","2: 2% HP or 3% MP | 3: 4% HP or 5% MP | 4: 6% HP or 7% MP | 5: 9% HP or 11% MP","defense, offense","Primarily statistical","https://lolchess.gg/synergies/set12/guide?hl=en"
"set12","Magic n' Mayhem","Pyro","Pyro","ORIGIN","2/3/4/5","Your team gains 3% Attack Speed. Pyro champions gain more Attack Speed and execute enemies under 10% Health. For each kill, Pyro champions create an infernal cinder that you collect the next round. For every 5 cinders you collect, your team gains 2% more Attack Speed.","2: 5% AS | 3: 25% AS | 4: 50% AS | 5: 65% AS and execute under 15% Health","transformation, defense, offense","Primarily statistical","https://lolchess.gg/synergies/set12/guide?hl=en"
"set12","Magic n' Mayhem","Ravenous","Ravenous","ORIGIN","1","","1: Briar gains 0.8% Damage Amp for each player health you are missing. Each round, gain a Light Snack to give her 180 Health in exchange for 3 of your player health.","defense, offense","Primarily statistical","https://lolchess.gg/synergies/set12/guide?hl=en"
"set12","Magic n' Mayhem","Scholar","Scholar","CLASS","2/4/6","Scholars gain bonus Mana on attack. Also gain an Ability.","2: 3 Mana per attack, 10 AP | 4: 6 Mana per attack, 20 AP | 6: 12 Mana per attack, 20 AP, and Abilities heal an ally for 10% of the damage dealt","offense","Special combat rule","https://lolchess.gg/synergies/set12/guide?hl=en"
"set12","Magic n' Mayhem","Shapeshifter","Shapeshifter","CLASS","2/4/6/10","Shapeshifters gain bonus max Health. After their first Ability cast, they triple this effect.","2: 10% Health | 4: 18% Health | 6: 27% Health | 8: 33% Health, 6% HP regen per 2 seconds","defense","Primarily statistical","https://lolchess.gg/synergies/set12/guide?hl=en"
"set12","Magic n' Mayhem","Sugarcraft","Sugarcraft","ORIGIN","2/4/6/8","Sugarcrafters build a layer cake from sugar. Gain sugar for each component your champions are holding after player combat. They gain Attack Damage and Ability Power, increased by 10% for each cake layer. When the cake has reached 7 layers, gain treats instead!","2: 3 sugar, 22 AD/AP | 4: 4 sugar, 33 AD/AP | 6: 6 sugar, 36 AD/AP, team gains 100 Health | 8: 10 sugar, 50 AD/AP, team gains 500 Health","economy, defense, offense","Non-combat or mixed economy","https://lolchess.gg/synergies/set12/guide?hl=en"
"set12","Magic n' Mayhem","TFT12BestFriends","Best Friends","CLASS","1","","1: Norra summons Yuumi to help your team! She can be attached to allies by holding her over them. Yuumi shares her Ability Power with Norra and dies when Norra does.","summon, offense","Board-changing summon","https://lolchess.gg/synergies/set12/guide?hl=en"
"set12","Magic n' Mayhem","Vanguard","Vanguard","CLASS","2/4/6","Vanguards gain 10% Durability while Shielded. Combat start and at 50% Health: Gain a Shield for a percent of max Health for 10 seconds.","2: 18% max Health | 4: 35% max Health | 6: 50% max Health, 15% Durability while Shielded","defense","Primarily statistical","https://lolchess.gg/synergies/set12/guide?hl=en"
"set12","Magic n' Mayhem","Warrior","Warrior","CLASS","2/4/6","Warriors gain Omnivamp and Damage Amp. When Warriors drop below 70% health, they gain double Damage Amp.","2: 10% Omnivamp, 10% Damage Amp | 4: 20% Omnivamp, 20% Damage Amp | 6: 25% Omnivamp, 25% Damage Amp, 15% Durability","transformation, defense, offense","Primarily statistical","https://lolchess.gg/synergies/set12/guide?hl=en"
"set12","Magic n' Mayhem","Witchcraft","Witchcraft","ORIGIN","2/4/6/8","Now poisons enemies, dealing 4% of their maximum HP per second as magic damage.","2: smaller, losing 120 of their max Health | 4: AND green, taking 6% of their max Health as magic damage per second | 6: AND frail, taking 25% bonus true damage from Witches | 8: AND a frog, stunned for 2 seconds every 8 seconds. All other curse effects are increased by 50%.","defense","Primarily statistical","https://lolchess.gg/synergies/set12/guide?hl=en"
"set13","Into the Arcane","Academy","Academy","ORIGIN","3/4/5/6","The Academy sponsors 3 items each game. Copies of sponsored items grant bonus max Health and Damage Amp. Academy units holding sponsored items gain double the amount, plus an additional 5% Health and Damage Amp.","3: 2% Health and Damage Amp, gain 1 sponsored item. | 4: 3% Health and Damage Amp, gain 1 sponsored item. | 5: 5% Health and Damage Amp, gain 1 sponsored item. | 6: 9% Health and Damage Amp.","defense, offense","Primarily statistical","https://lolchess.gg/synergies/set13/guide?hl=en"
"set13","Into the Arcane","Ambusher","Ambusher","CLASS","2/3/4/5","Damage from Ambushers' Abilities can critically strike. They also gain bonus Critical Strike Chance and Critical Strike Damage.","2: 25% Crit, 10% Crit Mult | 3: 35% Crit, 20% Crit Mult | 4: 45% Crit, 25% Crit Mult | 5: 55% Crit, 25% Crit Mult; also gain 15% Durability","defense, offense","Primarily statistical","https://lolchess.gg/synergies/set13/guide?hl=en"
"set13","Into the Arcane","Artillerist","Artillerist","CLASS","2/4/6","Every 5 attacks, Artillerists launch a rocket that deals 125% Attack Damage around the target. They also gain Attack Damage.","2: 10% AD | 4: 45% AD | 6: 70% AD, Launch a rocket every 3 attacks that deals double damage.","offense","Primarily statistical","https://lolchess.gg/synergies/set13/guide?hl=en"
"set13","Into the Arcane","Automata","Automata","ORIGIN","2/4/6","Automata gain a crystal when they deal damage. At 20 crystals, they blast their current target, dealing magic damage + 25% of damage dealt since the previous blast and reset. They also gain Armor and Magic Resist.","2: 150 damage, 25 AR/MR | 4: 450 damage, 60 AR/MR | 6: 1337 damage, 111 AR/MR","defense","Primarily statistical","https://lolchess.gg/synergies/set13/guide?hl=en"
"set13","Into the Arcane","BanishedMage","Banished Mage","ORIGIN","1","","1: The first time you would be eliminated, if Mel has cast 12 times during player combat this game, she saves you and you remain alive. Afterwards, Mel permanently gains 10% Damage Amp.","offense","Special combat rule","https://lolchess.gg/synergies/set13/guide?hl=en"
"set13","Into the Arcane","BlackRose","Black Rose","ORIGIN","3/4/5/7","Each Black Rose champion's star level increases Sion's power.","3: Summon a chained Sion. He is freed after 5 casts from Black Rose units or when he drops below 65% health. | 4: Sion grows stronger and his enemies take more damage from Black Rose units. | 5: Sion unleashes dark magic and heals to full Health when freed. | 7: When Sion dies, he restores to life with power beyond death!","summon, position, transformation, defense","Visible formation rule","https://lolchess.gg/synergies/set13/guide?hl=en"
"set13","Into the Arcane","BloodHunter","Blood Hunter","ORIGIN","1","","1: Warwick devours enemies that drop below 12% Health, healing him for 450 and granting him 50 Mana.","transformation, defense, offense","Primarily statistical","https://lolchess.gg/synergies/set13/guide?hl=en"
"set13","Into the Arcane","Bruiser","Bruiser","CLASS","2/4/6","Your team gains 100 max Health. Bruisers gain more.","2: 20% Health | 4: 45% Health | 6: 80% Health","defense","Primarily statistical","https://lolchess.gg/synergies/set13/guide?hl=en"
"set13","Into the Arcane","ChemBaron","Chem-Baron","ORIGIN","3/4/5/6/7","Gain Shimmer after each player combat. If your loss streak is at least 3, gain more. At each stack of 100 Shimmer, the Black Market offers you contraband that only Chem-Barons can use. Chem-Barons gain max Health for each Black Market you pass on.","3: Per Combat 15 or loss streak 35; 20 Health | 4: Per Combat 15 or loss streak 50; 60 Health | 5: Per Combat 20 or loss streak 70; 100 Health | 6: Per Combat 20 or loss streak 90; 150 Health","economy, defense","Non-combat or mixed economy","https://lolchess.gg/synergies/set13/guide?hl=en"
"set13","Into the Arcane","Conqueror","Conqueror","ORIGIN","2/4/6/9","Conquerors' takedowns grant stacks of Conquest. After gaining enough Conquest, open War Chests full of loot! Conquerors gain Attack Damage and Ability Power, increased by 5% for each War Chest opened.","2: 22% AD/AP%; 1x Conquest | 4: 33% AD/AP%; 3x Conquest | 6: 45% AD/AP%; 6x Conquest | 9: 100% AD/AP%; 20x Conquest","economy, transformation, offense","Non-combat or mixed economy","https://lolchess.gg/synergies/set13/guide?hl=en"
"set13","Into the Arcane","Dominator","Dominator","CLASS","2/4/6","Combat start: Dominators gain a Shield for 15 seconds. When Dominators cast, they gain stacking Ability Power based on the Mana spent.","2: 350 Shield, 25% AP | 4: 550 Shield, 45% AP | 6: 800 Shield, 65% AP","defense, offense","Primarily statistical","https://lolchess.gg/synergies/set13/guide?hl=en"
"set13","Into the Arcane","Emissary","Emissary","ORIGIN","1/4","This trait is active only when you have exactly 1 or 4 unique Emissaries.","1: Gain that Emissary's bonus | 4: Gain all bonuses. Emissaries gain 250 Health and 20% Damage Amp. Ambessa: Allies gain 2 Armor and Magic Resist for each opponent defeated. Garen: On Combat Start, Garen and allies to his left and right gain 20% of his max Health. Nami: Allies' attacks grant 3 bonus Mana. Tristana: Allies gain 6% Attack Speed per star level.","transformation, defense, offense","Primarily statistical","https://lolchess.gg/synergies/set13/guide?hl=en"
"set13","Into the Arcane","Enforcer","Enforcer","ORIGIN","2/4/6/8/10","Combat Start: Enforcers gain Shield and Damage Amp. The highest Health enemy units become WANTED! When a Wanted enemy dies, Enforcers gain 30% Attack Speed.","2: 1 units; 12% Health, 12% DA | 4: 2 units; 22% Health, 20% DA | 6: 4 units; 33% Health, 33% DA | 8: 5 units; 44% Health, 44% DA | 10: ALL enemies; 100% Health, 150% DA, Combat Start: Confiscate all enemy items!","defense, offense","Primarily statistical","https://lolchess.gg/synergies/set13/guide?hl=en"
"set13","Into the Arcane","Experiment","Experiment","ORIGIN","3/5/7","Gain Laboratory hexes on your board. Combat start: Experiments standing on Laboratory hexes gain the Experiment bonuses of all Experiments on Laboratory hexes, plus max Health.","3: 2 Laboratories, 100 Health | 5: 3 Laboratories, 450 Health | 7: Experiment bonuses increase by 100%!","position, defense","Visible formation rule","https://lolchess.gg/synergies/set13/guide?hl=en"
"set13","Into the Arcane","Family","Family","ORIGIN","3/4/5","Family members support each other, reducing their max Mana and gaining extra bonuses.","3: 25% reduction, 20% DR | 4: 30% reduction, 20% AS | 5: 40% reduction, heist on topside! After combat, progress the heist, increased for each surviving family member!","offense","Special combat rule","https://lolchess.gg/synergies/set13/guide?hl=en"
"set13","Into the Arcane","Firelight","Firelight","ORIGIN","2/3/4","Every 6 seconds, Firelights dash. While dashing, they attack with infinite range and heal a percentage of the damage taken since their last dash.","2: 25% of damage taken | 3: 40% of damage taken | 4: 45% of damage taken. While dashing, gain a massive burst of Attack Speed.","offense","Primarily statistical","https://lolchess.gg/synergies/set13/guide?hl=en"
"set13","Into the Arcane","FormSwapper","Form Swapper","CLASS","2/3/4","Innate: Form Swappers change their stats and ability based on if they're placed in the front 2 rows or back 2 rows. Frontline Form Swappers gain Durability. Backline Form Swappers gain Damage Amp.","2: 15% Durability or 20% Damage Amp | 3: 22% Durability or 33% Damage Amp | 4: 33% Durability or 44% Damage Amp","position, defense, offense","Visible formation rule","https://lolchess.gg/synergies/set13/guide?hl=en"
"set13","Into the Arcane","HighRoller","High Roller","ORIGIN","1","","1: When casting, Sevika rolls a random Jinx modification to her Ability and gains 80% Durability for 1.5 seconds. Mods: -Rocket: Launch 8 rockets that deal 100 physical damage each -Shield: Gain 500 Shield for 4 seconds -Coin: Gain 3 gold -Triple: Enhance her rolled ability!","economy, defense, choice","Non-combat or mixed economy","https://lolchess.gg/synergies/set13/guide?hl=en"
"set13","Into the Arcane","JunkerKing","Junker King","ORIGIN","1","","1: Every 3 rounds, open an armory to purchase permanent upgrades to your strongest Rumble's mech.","summon, defense","Board-changing summon","https://lolchess.gg/synergies/set13/guide?hl=en"
"set13","Into the Arcane","MachineHerald","Machine Herald","ORIGIN","1","","1: Viktor has a fixed attack speed of 0.55 Attacks per Second and converts ALL bonus Attack Damage, Attack Speed, and Mana into Ability Power. Instead of Mana, Viktor gains 1 Chaos Energy every attack and casts when he has 8.","offense","Primarily statistical","https://lolchess.gg/synergies/set13/guide?hl=en"
"set13","Into the Arcane","PitFighter","Pit Fighter","CLASS","2/4/6/8","Pit Fighters gain 15% Omnivamp and deal bonus true damage. Once per combat at 50% Health, they heal a percentage of their max Health over 2 seconds.","2: 6% true damage, 10% Health | 4: 12% true damage, 35% Health | 6: 22% true damage, 55% Health | 8: 35% true damage, 80% Health","defense, offense","Primarily statistical","https://lolchess.gg/synergies/set13/guide?hl=en"
"set13","Into the Arcane","Quickstriker","Quickstriker","CLASS","2/3/4","Quickstrikers move faster and gain Attack Speed, based on their target's missing Health.","2: 20-60% AS | 3: 30-80% AS | 4: 40-100% AS. On target death, Quickstrikers dash to a new target and gain 200 shield for 3 seconds.","transformation, defense, offense","Primarily statistical","https://lolchess.gg/synergies/set13/guide?hl=en"
"set13","Into the Arcane","Rebel","Rebel","ORIGIN","3/5/7/10","Rebels gain 15% max Health. After your team loses 25% of their Health, a smoke signal appears, granting Rebels 60% Attack Speed for 5 seconds and extra power for the rest of combat.","3: 20% AD/AP | 5: 40% AD/AP, 12% Health | 7: 45% AD/AP, 15% Health, and Stun all enemies for 2 seconds | 10: The smoke signal triggers at Combat Start and every 12 seconds.","defense, offense","Primarily statistical","https://lolchess.gg/synergies/set13/guide?hl=en"
"set13","Into the Arcane","Scrap","Scrap","ORIGIN","2/4/6/9","Combat start: Components held by Scrap units temporarily turn into full items. Scrap units gain Shield for 24 seconds for each component held by your team, including those that make up a full item.","2: 1 component, 25 Shield | 4: 3 components, 35 Shield | 6: All components, and full items become lucky! 45 Shield | 9: Generate Radiant items! 60 Shield","economy, defense","Non-combat or mixed economy","https://lolchess.gg/synergies/set13/guide?hl=en"
"set13","Into the Arcane","Sentinel","Sentinel","CLASS","2/4/6","Your team gains Armor and Magic Resist. Sentinels gain triple.","2: 12 AR/MR | 4: 25 AR/MR | 6: 42 AR/MR","defense","Primarily statistical","https://lolchess.gg/synergies/set13/guide?hl=en"
"set13","Into the Arcane","Sniper","Sniper","CLASS","2/4/6","Snipers deal more damage to targets farther away.","2: Damage Amp 5%, 5% damage per hex | 4: Damage Amp 35%, 10% damage per hex | 6: Damage Amp 75%, 20% damage per hex and +5 Attack Range","position, offense","Visible formation rule","https://lolchess.gg/synergies/set13/guide?hl=en"
"set13","Into the Arcane","Sorcerer","Sorcerer","CLASS","2/4/6","Your team gains 10 Ability Power. Sorcerers gain more.","2: 20 AP | 4: 55 AP | 6: 90 AP, Abilities reduce their target's damage by 20% for 3 seconds","offense","Primarily statistical","https://lolchess.gg/synergies/set13/guide?hl=en"
"set13","Into the Arcane","Visionary","Visionary","CLASS","2/4/6","Whenever Visionaries gain Mana, they gain more.","2: 25% Mana | 4: 50% Mana | 6: 75% Mana, Abilities heal an ally for 16% of damage dealt","offense","Special combat rule","https://lolchess.gg/synergies/set13/guide?hl=en"
"set13","Into the Arcane","Watcher","Watcher","CLASS","2/4/6","Watchers gain Durability, increased while above 50% Health.","2: 15% or 30% DR | 4: 25% or 45% DR | 6: 40% or 50% DR","defense","Primarily statistical","https://lolchess.gg/synergies/set13/guide?hl=en"
"set14","Cyber City","AMP","A.M.P.","CLASS","2/3/4/5","A.M.P. champions upgrade their abilities in unique ways with Amp. They also gain Health.","2: 1 Amp, 100 Health | 3: 2 Amp, 200 Health | 4: 4 Amp, 300 Health | 5: 5 Amp, 500 Health","defense","Primarily statistical","https://lolchess.gg/synergies/set14/guide?hl=en"
"set14","Cyber City","AnimaSquad","Anima Squad","ORIGIN","3/5/7/10","At each tier, pick a weapon that a random Anima Squad champion fires periodically during combat. Anima Squad champions gain Armor, Magic Resist, and Damage Amp. Weapons scale with Anima Squad star level and stage.","3: 10 AR/MR, 5% Damage Amp, Choose a weapon | 5: 25 AR/MR, 10% Damage Amp, Choose a weapon | 7: 40 AR/MR, 15% Damage Amp, Choose a weapon | 10: 75 AR/MR, 100% Damage Amp, Choose an ultimate weapon","transformation, defense, offense, choice","Primarily statistical","https://lolchess.gg/synergies/set14/guide?hl=en"
"set14","Cyber City","Bastion","Bastion","CLASS","2/4/6","Your team gains 10 Armor and Magic Resist. Bastions gain more. For the first 10 seconds of combat, Bastions increase their bonus by 100%.","2: 18 Armor & MR | 4: 36 Armor & MR | 6: 75 Armor & MR. Non-Bastions gain an additional 25 Armor & MR","defense","Primarily statistical","https://lolchess.gg/synergies/set14/guide?hl=en"
"set14","Cyber City","BoomBots","BoomBots","ORIGIN","2/4/6","BoomBots fire a missile every 400 damage dealt at a nearby enemy that deals magic damage. 8% of damage taken contributes to damage dealt.","2: 150 magic damage | 4: 325 magic damage | 6: Fire two missiles, each dealing 260 magic damage","special","Special combat rule","https://lolchess.gg/synergies/set14/guide?hl=en"
"set14","Cyber City","Bruiser","Bruiser","CLASS","2/4/6","Your team gains 100 Health. Bruisers gain more.","2: 20% Health | 4: 45% Health | 6: 70% Health","defense","Primarily statistical","https://lolchess.gg/synergies/set14/guide?hl=en"
"set14","Cyber City","Cyberboss","Cyberboss","ORIGIN","2/3/4","Your strongest Cyberboss upgrades to its final form and gains Health, Ability Power, and its ability hits more enemies.","2: 25% Health, 20 Ability Power | 3: 33% Health, 30 Ability Power | 4: All Cyberbosses upgrade. Your strongest Cyberboss gains 40% Health and 40 AP.","defense, offense","Primarily statistical","https://lolchess.gg/synergies/set14/guide?hl=en"
"set14","Cyber City","Cypher","Cypher","ORIGIN","3/4/5","Gain Intel by losing combat, increased for loss streaks. Gain a small amount for killing enemies. You may trade your Intel for loot one time on round 3-3, 3-7, 4-3, 4-7, or 5-5. After trading Intel, Cypher champions gain Attack Damage and Ability Power.","3: 1x Intel, 25% AD & AP | 4: 1.5x Intel, 35% AD & AP | 5: 2x Intel, 50% AD & AP | 6: 2.5x Intel, 90% AD & AP","economy, transformation, offense","Non-combat or mixed economy","https://lolchess.gg/synergies/set14/guide?hl=en"
"set14","Cyber City","Divinicorp","Divinicorp","ORIGIN","1/2/3/4/5/6/7","Divinicorp champions grant unique stats to your team, increased for each Divinicorp in play. Divinicorp champions gain double. Morgana - +9% AP Rhaast - +6 AR/MR Senna - +8% AD Gragas - +50 Health Vex - +7% CSC Renekton - +5% AS Emblem - +3% Omnivamp","1: 100% bonus. | 2: 110% bonus. | 3: 125% bonus. | 4: 140% bonus. | 5: 165% bonus. | 6: 190% bonus. | 7: 210% bonus.","defense, offense","Primarily statistical","https://lolchess.gg/synergies/set14/guide?hl=en"
"set14","Cyber City","Dynamo","Dynamo","CLASS","2/3/4","Every 3 seconds, your team gains Mana. Dynamos gain 100% more.","2: 4 Mana | 3: 6 Mana | 4: 10 Mana","offense","Special combat rule","https://lolchess.gg/synergies/set14/guide?hl=en"
"set14","Cyber City","Executioner","Executioner","CLASS","2/3/4/5","Executioner Abilities can critically strike. They also gain bonus Critical Strike Chance and Critical Strike Damage. If the target's Health is below 20%, the bonus Critical Strike Damage is doubled.","2: 25% Critical Strike Chance, 5% Critical Strike Damage | 3: 35% Critical Strike Chance, 10% Critical Strike Damage | 4: 50% Critical Strike Chance, 15% Critical Strike Damage | 5: 55% Critical Strike Chance, 15% Critical Strike Damage; also gain 12% Durability","defense, offense","Primarily statistical","https://lolchess.gg/synergies/set14/guide?hl=en"
"set14","Cyber City","Exotech","Exotech","ORIGIN","3/5/7/10","Gain unique items that can only be equipped by Exotech champions. They gain Health and Attack Speed for each item equipped.","3: 50 Health, 2% Attack Speed, Exotech Item #1 | 5: 160 Health, 6% Attack Speed, Exotech Item #2 | 7: 270 Health, 13% Attack Speed, Exotech Item #3 | 10: 500 Health, 40% Attack Speed, Enhance","defense, offense","Primarily statistical","https://lolchess.gg/synergies/set14/guide?hl=en"
"set14","Cyber City","GodoftheNet","God of the Net","ORIGIN","1","","1: After 2 player combats, open an Armory of Trait Mods that permanently reprogram a champion to benefit from a trait (but not contribute). Every time you get a Trait Mod, the next one requires 1 additional round. Champions can only have one Trait Mod.","defense","Primarily statistical","https://lolchess.gg/synergies/set14/guide?hl=en"
"set14","Cyber City","GoldenOx","Golden Ox","ORIGIN","2/4/6","Golden Ox gain Damage Amp and have a chance to drop gold on kill. If you spend 8 gold on rerolls or XP in a single turn, permanently increase their Damage Amp and the gold required for the next bonus. Rerolls count double towards gold spent. (Golden Ox must have fought last round)","2: 12% Damage Amp, 20% gold | 4: 24% Damage Amp, 60% gold | 6: 25% Damage Amp, 100% loot, 7% chance loot is a component","economy, transformation, offense","Non-combat or mixed economy","https://lolchess.gg/synergies/set14/guide?hl=en"
"set14","Cyber City","Marksman","Marksman","CLASS","2/4","Marksmen gain Attack Damage. After 8 seconds of combat, they increase their bonus by 100%.","2: 18% AD | 4: 35% AD. After 8 seconds, gain 25% AD every 6 seconds.","offense","Primarily statistical","https://lolchess.gg/synergies/set14/guide?hl=en"
"set14","Cyber City","Nitro","Nitro","ORIGIN","3/4","Every round, Nitro champions grant Chrome to R-080T, based on their star level. Each Chrome grants 14 Health and 1 Ability Power. At 200 Chrome, it upgrades to T-43X! Chrome per star: 2/3/7/25","3: Summon R-080T! | 4: Fire a giant laser!","summon, transformation, defense, offense","Board-changing summon","https://lolchess.gg/synergies/set14/guide?hl=en"
"set14","Cyber City","Overlord","Overlord","ORIGIN","1","","1: The Overlord takes a bite out of the unit in the hex behind him, dealing 40% of their max Health as true damage. He gains 40% of their Health and 25% of their Attack Damage.","position, defense, offense","Visible formation rule","https://lolchess.gg/synergies/set14/guide?hl=en"
"set14","Cyber City","Rapidfire","Rapidfire","CLASS","2/4/6","Your team gains 10% Attack Speed. Rapidfire champions gain more on each attack, stacking up to 10 times.","2: 4% AS per stack | 4: 11% AS per stack | 6: 22% AS per stack","offense","Primarily statistical","https://lolchess.gg/synergies/set14/guide?hl=en"
"set14","Cyber City","Slayer","Slayer","CLASS","2/4/6","Slayers gain Attack Damage and Omnivamp. Overhealing heals the lowest percent Health Slayer for 50% of the excess amount.","2: 15% AD, 15% Omnivamp | 4: 40% AD, 15% Omnivamp | 6: 70% AD, 20% Omnivamp","defense, offense","Primarily statistical","https://lolchess.gg/synergies/set14/guide?hl=en"
"set14","Cyber City","Sniper","Sniper","CLASS","1","Sniper deal more damage to targets farther away.","1: 1% damage per hex","position","Visible formation rule","https://lolchess.gg/synergies/set14/guide?hl=en"
"set14","Cyber City","SoulKiller","Soul Killer","ORIGIN","1","","1: Gain a hologram copy of the highest cost enemy Viego helped kill last round. It has 900 / 1350 / 9001 Health, deals 30% / 40% / 200% damage, and has 1 recommended item.","summon, transformation, defense","Primarily statistical","https://lolchess.gg/synergies/set14/guide?hl=en"
"set14","Cyber City","Strategist","Strategist","CLASS","2/3/4/5","Combat Start: Allies in the back 2 rows gain Damage Amp. Allies in the front 2 rows gain Durability. Strategists get triple.","2: 6% Damage Amp, 4% Durability | 3: 9% Damage Amp, 6% Durability | 4: 12% Damage Amp, 8% Durability | 5: 15% Damage Amp, 10% Durability","position, defense, offense","Visible formation rule","https://lolchess.gg/synergies/set14/guide?hl=en"
"set14","Cyber City","StreetDemon","Street Demon","ORIGIN","3/5/7/10","Allies in painted hexes gain Health, Ability Power, and Attack Damage. Some hexes are Signature hexes and grant 50% more. Street Demons double all bonuses.","3: +6% Health, 6 AP, 6% AD | 5: +10% Health, 10 AP, 10% AD | 7: +16% Health, 16 AP, 16% AD | 10: +45% Health, 45 AP, 45% AD. Paint the town!","position, defense, offense","Visible formation rule","https://lolchess.gg/synergies/set14/guide?hl=en"
"set14","Cyber City","Syndicate","Syndicate","ORIGIN","3/5/7","Get a Kingpin hat that uniquely upgrades a Syndicate champion's ability. Syndicate champions gain Health and Damage Amp.","3: 100 Health, 5% Damage Amp, 1 Kingpin | 5: 450 Health, 15% Damage Amp, 2 Kingpins | 7: 550 Health, 20% Damage Amp, Upgrade Kingpin effect","defense, offense","Primarily statistical","https://lolchess.gg/synergies/set14/guide?hl=en"
"set14","Cyber City","Techie","Techie","CLASS","2/4/6/8","Techies gain Ability Power. Enemies hit by their abilities deal 10% less damage for 3 seconds.","2: 20 AP | 4: 50 AP | 6: 95 AP | 8: 140 AP. Enemies hit deal 18% less damage.","offense","Primarily statistical","https://lolchess.gg/synergies/set14/guide?hl=en"
"set14","Cyber City","Vanguard","Vanguard","CLASS","2/4/6","Vanguards gain 12% Durability while Shielded. Combat start and 50% Health: Gain a max Health Shield for 10 seconds.","2: 16% max Health | 4: 32% max Health | 6: 45% max Health; 18% Durability while Shielded","defense","Primarily statistical","https://lolchess.gg/synergies/set14/guide?hl=en"
"set14","Cyber City","Virus","Virus","ORIGIN","1","","1: The Virus infects your shop with a 10% chance to spawn a bloblet. When purchased, it merges and increases the strongest Zac's max Health by 3% and Ability Power by 4.","economy, defense, offense","Non-combat or mixed economy","https://lolchess.gg/synergies/set14/guide?hl=en"
"set15","K.O. Coliseum","Bastion","Bastion","CLASS","2/4/6","Your team gains 10 Armor and Magic Resist. Bastions gain more, and the value doubles in the first 10 seconds of combat.","2: 18 %i:scaleArmor%%i:scaleMR% | 4: 40 %i:scaleArmor%%i:scaleMR% | 6: 75 %i:scaleArmor%%i:scaleMR%; Non-Bastions gain an additional 25 %i:scaleArmor%%i:scaleMR%.","defense","Primarily statistical","https://lolchess.gg/synergies/set15/guide?hl=en"
"set15","K.O. Coliseum","BattleAcademia","Battle Academia","ORIGIN","3/5/7","Battle Academia champions upgrade their abilities and gain Potential %i:set14AmpIcon%. Potential improves their abilities. Prismatic: Field 7 Battle Academia champions, then earn 140 points by equipping items on champions.","3: 3 %i:set14AmpIcon% | 5: 5 %i:set14AmpIcon% | 7: 7 %i:set14AmpIcon%","special","Special combat rule","https://lolchess.gg/synergies/set15/guide?hl=en"
"set15","K.O. Coliseum","CrystalGambit","Crystal Gambit","ORIGIN","3/5/7/10","Kills and losses during player combats earn Gem Power. Every 3 player combats choose to convert Gem Power into rewards or Double Down. While Double Down is active losses grant 100% more Gem Power, but wins lose 50% Gem Power and cash out immediately. Gem Power gains increase at stages 3 and 4.","3: ? per kill; ? per loss | 5: AND every ? kills, gain bonus loot and reroll a new kill number. (Kills: ?) | 7: 130% rewards. Crystal Gambit units gain 300 %i:scaleHealth% and 15% %i:scaleDA%","economy, transformation, defense, choice","Non-combat or mixed economy","https://lolchess.gg/synergies/set15/guide?hl=en"
"set15","K.O. Coliseum","Duelist","Duelist","CLASS","2/4/6","Duelists gain Attack Speed on each attack, stacking up to 12 times.","2: 4% %i:scaleAS% | 4: 7% %i:scaleAS% | 6: 10% %i:scaleAS%; Duelists gain 12% %i:scaleDR%","offense","Primarily statistical","https://lolchess.gg/synergies/set15/guide?hl=en"
"set15","K.O. Coliseum","Edgelord","Edgelord","CLASS","2/4/6","Edgelords gain Omnivamp and Attack Damage. While attacking enemies under 50% Health, they gain 40% Attack Speed.","2: 10% %i:scaleSV%, 15% %i:scaleAD% | 4: 12% %i:scaleSV%, 30% %i:scaleAD% | 6: 15% %i:scaleSV%, 60% %i:scaleAD%","defense, offense","Primarily statistical","https://lolchess.gg/synergies/set15/guide?hl=en"
"set15","K.O. Coliseum","Executioner","Executioner","CLASS","2/3/4/5","Executioners gain Critical Strike Chance and Critical Strike Damage. Their Ability can critically strike.","2: 25% %i:scaleCrit%; 10% %i:scaleCritMult% | 3: 35% %i:scaleCrit%; 12% %i:scaleCritMult% | 4: 50% %i:scaleCrit%; 18% %i:scaleCritMult% | 5: 55% %i:scaleCrit%; 28% %i:scaleCritMult%","offense","Special combat rule","https://lolchess.gg/synergies/set15/guide?hl=en"
"set15","K.O. Coliseum","Heavyweight","Heavyweight","CLASS","2/4/6","Your team gains 100 Health. Heavyweights gain additional bonus Health, and Attack Damage equal to a percentage of their Health.","2: 20% %i:scaleHealth% | 0.2% %i:scaleHealth% to %i:scaleAD% | 4: 40% %i:scaleHealth% | 0.4% %i:scaleHealth% to %i:scaleAD% | 6: 65% %i:scaleHealth% | 0.6% %i:scaleHealth% to %i:scaleAD%","defense, offense","Primarily statistical","https://lolchess.gg/synergies/set15/guide?hl=en"
"set15","K.O. Coliseum","Juggernaut","Juggernaut","CLASS","2/4/6","Juggernauts gain Durability, increased above 50% health. When a Juggernaut dies, other Juggernauts heal for 10% of their max Health.","2: 15% or 25% %i:scaleDR% | 4: 20% or 30% %i:scaleDR% | 6: 25% or 35% %i:scaleDR%","defense","Primarily statistical","https://lolchess.gg/synergies/set15/guide?hl=en"
"set15","K.O. Coliseum","Luchador","Luchador","ORIGIN","2/4","Luchadors gain bonus Attack Damage. At 50% health, Luchadors cleanse negative effects, heal, and leap back into the fight, Stunning enemies in a 1-hex radius for 1 seconds.","2: 15% %i:scaleAD%; 25% %i:scaleHealth% heal | 4: 40% %i:scaleAD%; 50% %i:scaleHealth% heal","position, defense, offense","Visible formation rule","https://lolchess.gg/synergies/set15/guide?hl=en"
"set15","K.O. Coliseum","Mentor","Mentor","ORIGIN","1/4","This trait is active only when you have exactly 1 or 4 unique Mentors. Kobuko: 6% Damage Reduction Udyr: 8% Attack Damage and Ability Power Yasuo: 10% Attack Speed Ryze: Attacks grant 2 bonus Mana","1: Allies gain the bonus | 4: Mentors gain all bonuses and upgrade their abilities. Other allies gain nothing.","defense, offense","Primarily statistical","https://lolchess.gg/synergies/set15/guide?hl=en"
"set15","K.O. Coliseum","MightyMech","Mighty Mech","ORIGIN","3/5/7","Gain The Mighty Mech. Mighty Mechs heal it for 12% of the damage they deal. Each Mighty Mech champion's star level increases The Mighty Mech's power.","3: The Mighty Mech arrives | 5: Blade Protocol: Level 1 | 7: Blade Protocol: Level 2","summon, transformation","Board-changing summon","https://lolchess.gg/synergies/set15/guide?hl=en"
"set15","K.O. Coliseum","MonsterTrainer","Monster Trainer","ORIGIN","1","Choose which monster Lulu summons to replace her in combat!","","summon, choice","Board-changing summon","https://lolchess.gg/synergies/set15/guide?hl=en"
"set15","K.O. Coliseum","Prodigy","Prodigy","CLASS","2/3/4/5","Your team gains Mana Regen. Prodigies gain more.","2: 1 %i:TFTManaRegen% | 3 %i:TFTManaRegen% | 3: 1 %i:TFTManaRegen% | 4 %i:TFTManaRegen% | 4: 1 %i:TFTManaRegen% | 6 %i:TFTManaRegen% | 5: 1 %i:TFTManaRegen% | 7 %i:TFTManaRegen% | Prodigy abilities heal an ally for 12% of the damage dealt.","offense","Primarily statistical","https://lolchess.gg/synergies/set15/guide?hl=en"
"set15","K.O. Coliseum","Protector","Protector","CLASS","2/4/6","Units gain 5% Durability while shielded. Once per combat at 50% Health, Protectors shield themselves and their closest ally for a percent of their maximum Health. Shields stack.","2: 18% %i:scaleHealth% shield | 4: 36% %i:scaleHealth% shield | 6: 55% %i:scaleHealth% shield","defense","Primarily statistical","https://lolchess.gg/synergies/set15/guide?hl=en"
"set15","K.O. Coliseum","RogueCaptain","Rogue Captain","ORIGIN","1","Twisted Fate upgrades the Crew Ship to deal 15% of it's damage as true damage and draws Bounty Cards each round that grant random rewards. Bounty Cards get better for each player combat. (Rounds Fielded: ?) Current Bounty Card: No active Bounty. In Choncc's Treasure, Twisted Fate will not draw a Bounty Card until Stage 3-5.","","economy, choice","Non-combat or mixed economy","https://lolchess.gg/synergies/set15/guide?hl=en"
"set15","K.O. Coliseum","Rosemother","Rosemother","CLASS","1","Gain 1/1/8 placeable plants, based on Zyra's star level. Plants in the front two rows grow into durable Grasping Roots, while plants in the back two rows grow into Deadly Spines. Rosemother plants benefit from Zyra's Ability Power and Attack Speed. When Zyra casts, her plant restores 35% Health and gains 35% Attack Speed for the rest of combat. If the plant is dead, she revives it instead.","","position, transformation, defense, offense","Visible formation rule","https://lolchess.gg/synergies/set15/guide?hl=en"
"set15","K.O. Coliseum","Sniper","Sniper","CLASS","2/3/4/5","Snipers gain Damage Amp, increased against targets farther away.","2: 13% %i:scaleDA%; +3% %i:scaleDA% per hex | 3: 18% %i:scaleDA%; +5% %i:scaleDA% per hex | 4: 25% %i:scaleDA%; +7% %i:scaleDA% per hex | 5: 25% %i:scaleDA%; +10% %i:scaleDA% per hex","position, offense","Visible formation rule","https://lolchess.gg/synergies/set15/guide?hl=en"
"set15","K.O. Coliseum","Sorcerer","Sorcerer","CLASS","2/4/6","Sorcerers gain bonus Ability Power. When an enemy dies after being damaged by a Sorcerer, they deal a percentage of that enemy's maximum Health to another enemy.","2: 20% %i:scaleAP%; 8% max %i:scaleHealth% | 4: 55% %i:scaleAP%; 10% max %i:scaleHealth% | 6: 80% %i:scaleAP%; 12% max %i:scaleHealth% to 2 enemies","defense, offense","Primarily statistical","https://lolchess.gg/synergies/set15/guide?hl=en"
"set15","K.O. Coliseum","SoulFighter","Soul Fighter","ORIGIN","2/4/6/8","Soul Fighters gain bonus Health, and gain Attack Damage and Ability Power every second up to 8 stacks. At max stacks deal bonus true damage. Prismatic: Field 8, then win 10 combats.","2: 120 %i:scaleHealth%, 1% %i:scaleAD%%i:scaleAP%, +10% damage | 4: 240 %i:scaleHealth%, 2.5% %i:scaleAD%%i:scaleAP%, +16% damage | 6: 425 %i:scaleHealth%, 4% %i:scaleAD%%i:scaleAP%, +22% damage | 8: 600 %i:scaleHealth%, 4% %i:scaleAD%%i:scaleAP%, +28% damage","defense, offense","Primarily statistical","https://lolchess.gg/synergies/set15/guide?hl=en"
"set15","K.O. Coliseum","StanceMaster","Stance Master","ORIGIN","1","When you field Lee Sin, choose between Duelist Stance, Executioner Stance, and Juggernaut Stance! Each stance has a unique ability, and grants Lee Sin the associated trait.","","choice","Special combat rule","https://lolchess.gg/synergies/set15/guide?hl=en"
"set15","K.O. Coliseum","StarGuardian","Star Guardian","ORIGIN","2/3/4/5/6/7/8/9/10","Star Guardians have a unique Teamwork bonus that is granted to all Star Guardians. Every Star Guardian fielded increases the bonus! Prismatic: Field 8, then spend 16000 mana. Rell: Gain shields Syndra: Gain Ability Power Xayah: Magic damage on attack Ahri: On cast, gain Mana Neeko: Increase heals & shields Poppy: Heal at low Health Jinx: Gain Attack Speed Seraphine: Gain every stat Emblem: Increase other bonuses","","defense, offense","Primarily statistical","https://lolchess.gg/synergies/set15/guide?hl=en"
"set15","K.O. Coliseum","Strategist","Strategist","CLASS","2/3/4/5","Combat Start: Allies in the front 2 rows gain a shield for 15 seconds. Allies in the back 2 rows gain Damage Amp. Strategists gain triple.","2: 150 Shield; 4% %i:scaleDA% | 3: 200 Shield; 6% %i:scaleDA% | 4: 300 Shield; 10% %i:scaleDA% | 5: 400 Shield; 14% %i:scaleDA%","position, defense, offense","Visible formation rule","https://lolchess.gg/synergies/set15/guide?hl=en"
"set15","K.O. Coliseum","SupremeCells","Supreme Cells","ORIGIN","2/3/4","The Cell who dealt the most damage last combat is Supreme. When the Supreme Cell dies, the Cell with the highest current damage becomes Supreme. Cells gain Damage Amp. The Supreme Cell gains more and executes enemies under 10% Health.","2: 8% %i:scaleDA% | 12% %i:scaleDA% | 3: 18% %i:scaleDA% | 30% %i:scaleDA% | 4: 28% %i:scaleDA% | 50% %i:scaleDA%. Gain a second Supreme","transformation, defense, offense","Primarily statistical","https://lolchess.gg/synergies/set15/guide?hl=en"
"set15","K.O. Coliseum","TheChamp","The Champ","ORIGIN","1","The Champ's victories against players grant Poro-fans equal to his star level. On loss, Poro-fans prevent 1 Tactician damage each, then lose all of your Poro-fans. Poro Fanbase: ?","","transformation","Special combat rule","https://lolchess.gg/synergies/set15/guide?hl=en"
"set15","K.O. Coliseum","TheCrew","The Crew","ORIGIN","2/3/4/5","Crew champions gain 5% Health and Attack Speed for each Crew member fielded. Every 3-star Crew champion grants an additional bonus. (1x ☆☆☆): +1 XP per paid reroll, and Crew unit odds never drop with player level. (2x ☆☆☆): +1 free reroll / round. (3x ☆☆☆): Deal 280 damage to fire a rocket dealing 75. (4x ☆☆☆): Fire rockets 2.5% more often per player level. (5x ☆☆☆): Fire the Planet Cracker.","","economy, defense, offense","Non-combat or mixed economy","https://lolchess.gg/synergies/set15/guide?hl=en"
"set15","K.O. Coliseum","Wraith","Wraith","ORIGIN","2/4/6","Every 4 seconds, the Shadow Realm strikes the 3 closest enemies, dealing total magic damage equal to a portion of damage dealt by Wraiths since the last trigger. Your lowest health Wraith heals for 18% of damage dealt by Wraiths and the Shadow Realm.","2: 20% damage. | 4: 45% damage. | 6: 60% damage.","defense","Primarily statistical","https://lolchess.gg/synergies/set15/guide?hl=en"
"set16","Lore & Legends","Arcanist","Arcanist","CLASS","2/4/6","Your team gains Ability Power, Arcanists gain more.","2: 15% %i:scaleAP%, 25% %i:scaleAP% for Arcanists | 4: 20% %i:scaleAP%, 50% %i:scaleAP% for Arcanists | 6: 35% %i:scaleAP%, 70% %i:scaleAP% for Arcanists","offense","Primarily statistical","https://lolchess.gg/synergies/set16/guide?hl=en"
"set16","Lore & Legends","Ascendant","Ascendant","CLASS","1","After each combat, an Ascendant Charm appears in your shop. These are powerful effects that can be bought for gold.","","economy, transformation","Non-combat or mixed economy","https://lolchess.gg/synergies/set16/guide?hl=en"
"set16","Lore & Legends","Assimilator","Assimilator","ORIGIN","1","Kai'Sa has a different Ability depending if her Attack Damage or Ability Power is higher.","","offense","Primarily statistical","https://lolchess.gg/synergies/set16/guide?hl=en"
"set16","Lore & Legends","Bilgewater","Bilgewater","ORIGIN","3/5/7/10","Each player combat, gain Silver Serpents (%i:scaleSerpents%), plus 1 additional for each Bilgewater takedown. Silver Serpents can be spent in the Black Market to grant Bilgewater champions bonus stats and special loot. Higher tiers unlock rarer loot. Current Bonus Stats: ?% %i:scaleAD%%i:scaleAP%, ?% %i:scaleAS%, ?% %i:scaleHealth% Current Serpents: ? %i:scaleSerpents%","3: 15 %i:scaleSerpents% | 5: 35 %i:scaleSerpents%, improved loot | 7: 65 %i:scaleSerpents%, superior loot | 10: 150 %i:scaleSerpents%, 2x stats, FIRE CANNONS!","economy, transformation, defense","Non-combat or mixed economy","https://lolchess.gg/synergies/set16/guide?hl=en"
"set16","Lore & Legends","Blacksmith","Blacksmith","ORIGIN","1","After each player combat your strongest Ornn participates in, he makes progress forging an Artifact item. Each item he is equipped with grants him 350/600/2000 max Health. Artifacts grant 300% more. Forging Progress: ?/4","","defense","Primarily statistical","https://lolchess.gg/synergies/set16/guide?hl=en"
"set16","Lore & Legends","Bruiser","Bruiser","CLASS","2/4/6","Your team gains 150 maximum Health. Bruisers gain more.","2: 25% %i:scaleHealth% | 4: 40% %i:scaleHealth% | 6: 60% %i:scaleHealth%","defense","Primarily statistical","https://lolchess.gg/synergies/set16/guide?hl=en"
"set16","Lore & Legends","Caretaker","Caretaker","ORIGIN","1","After winning player combat, gain a random unit from Runeterra. After losing combat, gain free rerolls, with the amount increasing by stage. Rerolls on Loss: 2","","economy, choice","Non-combat or mixed economy","https://lolchess.gg/synergies/set16/guide?hl=en"
"set16","Lore & Legends","Chainbreaker","Chainbreaker","ORIGIN","1","Sylas rotates between 3 different Abilities, depending on which one is most useful at the moment. He cannot cast the same one twice in a row.","","position","Visible formation rule","https://lolchess.gg/synergies/set16/guide?hl=en"
"set16","Lore & Legends","Chronokeeper","Chronokeeper","ORIGIN","1","Every 2 casts, the Chronokeeper stores 2 XP. If he has enough stored for you to level up, he transfers you the required XP. If you are level 10, he instead gains 15% Damage Amp. Stored XP: ?","","offense","Special combat rule","https://lolchess.gg/synergies/set16/guide?hl=en"
"set16","Lore & Legends","DarkChild","Dark Child","ORIGIN","1","Annie summons Tibbers on your bench. He can be fielded, takes up a team slot, and can be equipped with items separately. His star level is the same as Annie's.","","summon, transformation","Board-changing summon","https://lolchess.gg/synergies/set16/guide?hl=en"
"set16","Lore & Legends","Darkin","Darkin","ORIGIN","1/2/3","","1: Darkin gain 15% Omnivamp. | 2: AND you heal for 25% of the player damage you deal. | 3: AND whenever Darkin restore 525 Health, they deal 400 magic damage to the 2 closest enemies.","defense, offense","Primarily statistical","https://lolchess.gg/synergies/set16/guide?hl=en"
"set16","Lore & Legends","Defender","Defender","CLASS","2/4/6","Your team gains 12 Armor and Magic Resist. Defenders gain more.","2: 30 %i:scaleArmor%%i:scaleMR% | 4: 55 %i:scaleArmor%%i:scaleMR% | 6: 80 %i:scaleArmor%%i:scaleMR%","defense","Primarily statistical","https://lolchess.gg/synergies/set16/guide?hl=en"
"set16","Lore & Legends","Demacia","Demacia","ORIGIN","3/5/7/11","Each time your team loses 25% max Health, Demacians Rally, reducing their Mana cost by 10%. Demacians gain Armor and Magic Resist.","3: 12 %i:scaleArmor%%i:scaleMR% | 5: 35 %i:scaleArmor%%i:scaleMR% | 7: 35 %i:scaleArmor%%i:scaleMR%. On Rally, smite enemies for 5% of their max Health. | 11: 150 %i:scaleArmor%%i:scaleMR%. BATTLE FOR DEMACIA!","defense, offense","Primarily statistical","https://lolchess.gg/synergies/set16/guide?hl=en"
"set16","Lore & Legends","Disruptor","Disruptor","CLASS","2/4","Disruptors' abilities Dazzle enemies hit. Disruptors deal bonus damage to Dazzled enemies. Dazzle: Reduce damage dealt by 10%","2: 18% bonus damage | 4: 40% bonus damage","special","Special combat rule","https://lolchess.gg/synergies/set16/guide?hl=en"
"set16","Lore & Legends","Dragonborn","Dragonborn","ORIGIN","1","On cast, Shyvana replaces her spell with Flame Breath. While transformed, all allies take 8% less damage from enemy Abilities.","","transformation","Visible transformation","https://lolchess.gg/synergies/set16/guide?hl=en"
"set16","Lore & Legends","Emperor","Emperor","CLASS","1","Azir deploys two Guards who can be placed anywhere on the battlefield. They do not move or attack, and die when Azir does.","","special","Special combat rule","https://lolchess.gg/synergies/set16/guide?hl=en"
"set16","Lore & Legends","Eternal","Eternal","ORIGIN","1","Every 3rd attack from Kindred on the same enemy deals 325% damage, as Wolf mauls their target.","","special","Special combat rule","https://lolchess.gg/synergies/set16/guide?hl=en"
"set16","Lore & Legends","Freljord","Freljord","ORIGIN","3/5/7","Summon a Frozen Tower. Allies in front of it gain Health and allies behind it gain Damage Amp. Freljordians gain 150% more.","3: 8% %i:scaleHealth%, 10% %i:scaleDA% | 5: Two Towers. 12% %i:scaleHealth%, 16% %i:scaleDA% | 7: Towers stun enemies on death for 1.5 seconds. 16% %i:scaleHealth%, 22% %i:scaleDA%.","summon, position, transformation, defense, offense","Board-changing summon","https://lolchess.gg/synergies/set16/guide?hl=en"
"set16","Lore & Legends","Glutton","Glutton","CLASS","1","Once per Planning phase, you can feed Tahm Kench a champion, permanently granting him either Health, Attack Speed, or Ability Power based on their role and star level. To feed, hold an ally from the bench over Tahm Kench until his mouth opens, then release. Current Stats: ? %i:scaleHealth%, ?% %i:scaleAS%, ?% %i:scaleAP%","","transformation, defense, offense","Primarily statistical","https://lolchess.gg/synergies/set16/guide?hl=en"
"set16","Lore & Legends","Gunslinger","Gunslinger","CLASS","2/4","Gunslingers gain Attack Damage. Every 4th attack from Gunslingers deals bonus physical damage.","2: 22% %i:scaleAD%, 100 bonus damage | 4: 44% %i:scaleAD%, 200 bonus damage","offense","Primarily statistical","https://lolchess.gg/synergies/set16/guide?hl=en"
"set16","Lore & Legends","Harvester","Harvester","ORIGIN","1","Each time an enemy champion dies, gain 10 Mana. Casting abilities does not consume Mana. All enemies lose 10 Armor and Magic Resist.","","defense, offense","Primarily statistical","https://lolchess.gg/synergies/set16/guide?hl=en"
"set16","Lore & Legends","Heroic","Heroic","CLASS","1","Galio cannot be fielded in combat. Instead, his traits count from the bench and when Demacians Rally, he joins the fight. On landing, he creates a 3-hex shockwave that deals 10% of his max Health as magic damage. Enemies hit are knocked up for 1 seconds, reduced by distance from the center.","","position, defense","Visible formation rule","https://lolchess.gg/synergies/set16/guide?hl=en"
"set16","Lore & Legends","HexMech","HexMech","ORIGIN","1","Gain a Pilot Hex. Combat Start: the unit within jumps into T-Hex, granting her 80% of their Health and bonus stats based on their role and star level. Tank: +20/30/40% Omnivamp Fighter: +20/30/40% Attack Damage Marksman: +12/20/30% Damage Amp Caster: +2/4/5 Mana Regen Assassin: +40/70/100% Crit Chance On death, the pilot ejects while T-Hex knocks back and Stuns nearby enemies for 1.5 seconds.","","position, transformation, defense, offense","Visible formation rule","https://lolchess.gg/synergies/set16/guide?hl=en"
"set16","Lore & Legends","Huntress","Huntress","CLASS","1","While your strongest Neeko is alive, your strongest Nidalee cannot be targeted by basic attacks and gains 50% Durability.","","defense","Primarily statistical","https://lolchess.gg/synergies/set16/guide?hl=en"
"set16","Lore & Legends","Immortal","Immortal","CLASS","1","While Xin Zhao is not on your board, Zaahen gains the Ionia, Demacia, and Warden traits. On kill, Zaahen gains a stack of Determination for the rest of combat. If he has 3 or more Determination when dying, he spends it to revive and restore 60% max Health.","","transformation, defense","Primarily statistical","https://lolchess.gg/synergies/set16/guide?hl=en"
"set16","Lore & Legends","Invoker","Invoker","CLASS","2/4","Your team gains 1 Mana Regen. Invokers gain more Mana from all sources.","2: 25% more Mana | 4: 40% more Mana","offense","Primarily statistical","https://lolchess.gg/synergies/set16/guide?hl=en"
"set16","Lore & Legends","Ionia","Ionia","ORIGIN","3/5/7","Ionians gain Shield, Attack Damage, and Ability Power. Each game, they walk a different path. Path of Blades: Ionians gain Ability Power and their attacks have a chance to trigger an extra attack. Path of the Enlightened: Ionians gain Attack Damage and Ability Power, increased by your player level. After each player combat, gain bonus XP. Path of the Prosperous: Gain 1 gold for every 4 Ionian takedowns. Ionians gain Attack Damage and Ability Power, increased by 2% for each gold earned this way. Path of Spirits: Ionians gain bonus Health. Each time an Ionian casts, all Ionians gain stacking Attack Damage and Ability Power. Path of the Transcendent: Ionians gain bonus Health and deal bonus magic damage. 3-star Ionians gain 130% more.","","economy, transformation, defense, offense","Non-combat or mixed economy","https://lolchess.gg/synergies/set16/guide?hl=en"
"set16","Lore & Legends","Ixtal","Ixtal","ORIGIN","3/5/7","Completing a Quest before combat ends grants you a new one at the start of next round.","3: Complete Quests to earn Sunshards (%i:Set16Ixtal%) and spend them for loot! | 5: Heal 2 player health at the start of each player combat. | 7: After winning combat, find 50 %i:Set16Ixtal% and unearth bonus loot.","economy, defense","Non-combat or mixed economy","https://lolchess.gg/synergies/set16/guide?hl=en"
"set16","Lore & Legends","Juggernaut","Juggernaut","CLASS","2/4/6","Juggernauts gain Durability, increased while above 50% health. When a Juggernaut dies, other Juggernauts heal for 5% of their max Health.","2: 18% or 25% %i:scaleDR% | 4: 20% or 30% %i:scaleDR% | 6: 26% or 36% %i:scaleDR%","defense","Primarily statistical","https://lolchess.gg/synergies/set16/guide?hl=en"
"set16","Lore & Legends","Longshot","Longshot","CLASS","2/3/4/5","Longshots gain Damage Amp and deal more damage to targets farther away.","2: 18% %i:scaleDA% + 2% per Hex | 3: 24% %i:scaleDA% + 3% per Hex | 4: 28% %i:scaleDA% + 4% per Hex | 5: 32% %i:scaleDA% + 5% per Hex","position, offense","Visible formation rule","https://lolchess.gg/synergies/set16/guide?hl=en"
"set16","Lore & Legends","Noxus","Noxus","ORIGIN","3/5/7/10","After the enemy team has lost 15% of their Health, summon Atakhan, Bringer of Ruin. Each Noxian champion's star level increases his power.","3: He slashes enemies, dealing magic damage. | 5: Noxians get more powerful the longer he is alive. | 7: He drains the souls of enemies on cast. | 10: After 10 seconds, BRING RUIN.","summon, transformation, defense","Board-changing summon","https://lolchess.gg/synergies/set16/guide?hl=en"
"set16","Lore & Legends","Piltover","Piltover","ORIGIN","2/4/6","Build an invention on the right side of the board. After 8 seconds, the invention activates, triggering each of its Modules.","2: Choose a Module | 4: Choose a Second Module | 6: Choose a Third Module","choice","Special combat rule","https://lolchess.gg/synergies/set16/guide?hl=en"
"set16","Lore & Legends","Quickstriker","Quickstriker","CLASS","2/3/4/5","Your team gains 15% Attack Speed. Quickstrikers gain bonus Attack Speed based on their target's missing Health.","2: 10-30% %i:scaleAS% | 3: 20-45% %i:scaleAS% | 4: 30-60% %i:scaleAS% | 5: 40-80% %i:scaleAS%","defense, offense","Primarily statistical","https://lolchess.gg/synergies/set16/guide?hl=en"
"set16","Lore & Legends","Riftscourge","Riftscourge","CLASS","1","Baron Nashor takes up 2 team slots and grants +2 to the Void trait. After 8 seconds, the board enters a Void Rift. The Rift grants Void units 30% Damage Amp and constantly strikes enemies with bolts of plasma, dealing 5% max Health as magic damage.","","defense, offense","Primarily statistical","https://lolchess.gg/synergies/set16/guide?hl=en"
"set16","Lore & Legends","RuneMage","Rune Mage","ORIGIN","1","The Rune Mage benefits from all active Region traits, but contributes to none. He harnesses the Runic power from active Region traits to modify his Ability, enhancing it in unique ways.","","special","Special combat rule","https://lolchess.gg/synergies/set16/guide?hl=en"
"set16","Lore & Legends","ShadowIsles","Shadow Isles","ORIGIN","2/3/4/5","Whenever ANY champion dies in a player combat, gain Souls (%i:scaleSouls%). Shadow Isles champions' Abilities are uniquely empowered based on the number of Souls you have. Shadow Isles champions gain Attack Damage and Ability Power. Souls Collected: ? %i:scaleSouls%","2: 1x %i:scaleSouls%, 18% %i:scaleAD%%i:scaleAP% | 3: 1.3x %i:scaleSouls%, 20% %i:scaleAD%%i:scaleAP% | 4: 1.6x %i:scaleSouls%, 25% %i:scaleAD%%i:scaleAP% | 5: 1.9x %i:scaleSouls%, 33% %i:scaleAD%%i:scaleAP%","offense","Primarily statistical","https://lolchess.gg/synergies/set16/guide?hl=en"
"set16","Lore & Legends","Shurima","Shurima","ORIGIN","2/3/4","Each second, Shurimans gain 2% Attack Speed and restore 20 Health. At combat start, they gain additional effects.","2: 20% max Health | 3: 50 Armor and Magic Resist | 4: A Shuriman ascends to GODHOOD every ? seconds","transformation, defense, offense","Visible transformation","https://lolchess.gg/synergies/set16/guide?hl=en"
"set16","Lore & Legends","Slayer","Slayer","CLASS","2/4/6","Slayers gain Omnivamp and Attack Damage. They increase the bonus Attack Damage by up to 50% based on their missing Health.","2: 20% %i:scaleAD%, 10% %i:scaleSV% | 4: 30% %i:scaleAD%, 16% %i:scaleSV% | 6: 40% %i:scaleAD%, 20% %i:scaleSV%","defense, offense","Primarily statistical","https://lolchess.gg/synergies/set16/guide?hl=en"
"set16","Lore & Legends","Soulbound","Soulbound","ORIGIN","1","Lucian and Senna fight together, swapping when either casts. Each champion has a unique ability. Your strongest Soulbound pair grants bonuses to your team while they survive. While Senna is out, all allies gain 7% Damage Reduction. While Lucian is out, all allies gain 7% Damage Amp.","","defense, offense","Special combat rule","https://lolchess.gg/synergies/set16/guide?hl=en"
"set16","Lore & Legends","StarForger","Star Forger","CLASS","1","Aurelion Sol gains 25/30/100% increased Stardust for each other unique Targonian fielded in combat. Current Bonus: ?%","","special","Special combat rule","https://lolchess.gg/synergies/set16/guide?hl=en"
"set16","Lore & Legends","Targon","Targon","ORIGIN","1","Targonians are forged by the stars. They are traitless, but stronger than the average champion.","","special","Special combat rule","https://lolchess.gg/synergies/set16/guide?hl=en"
"set16","Lore & Legends","TheBoss","The Boss","CLASS","1","When Sett first drops below 45% max Health, he leaves combat to start doing sit-ups. Each sit-up restores 15% max Health and gives him 60% Attack and Move Speed. If he reaches full Health, he returns to combat Pumped Up, converting all damage from his attacks and Ability to true damage. If all of his allies die, he immediately returns to combat.","","transformation, defense","Primarily statistical","https://lolchess.gg/synergies/set16/guide?hl=en"
"set16","Lore & Legends","Vanquisher","Vanquisher","CLASS","2/3/4/5","Vanquishers' abilities can critically strike. They also gain Critical Strike Chance and Critical Strike Damage.","2: 15% %i:scaleCrit% , 15% %i:scaleCritMult% | 3: 20% %i:scaleCrit% , 20% %i:scaleCritMult% | 4: 25% %i:scaleCrit% , 25% %i:scaleCritMult% | 5: 30% %i:scaleCrit% , 30% %i:scaleCritMult%","offense","Special combat rule","https://lolchess.gg/synergies/set16/guide?hl=en"
"set16","Lore & Legends","Void","Void","ORIGIN","2/4/6/9","Gain Mutations that only Void champions can use. Void champions gain Attack Speed. Champions can only have one Mutation at a time. Benching a champion removes their Mutation.","2: 1 Mutation, 8% %i:scaleAS% | 4: 2 Mutations, 18% %i:scaleAS% | 6: 3 Mutations, 33% %i:scaleAS% | 9: Mutations become supercharged, increasing their power by 100%. 40% %i:scaleAS%","transformation, offense","Visible transformation","https://lolchess.gg/synergies/set16/guide?hl=en"
"set16","Lore & Legends","Warden","Warden","CLASS","2/3/4/5","When Wardens first drop below 75% and 25% Health, they gain a Shield based on their max Health.","2: 16% %i:scaleHealth% | 3: 20% %i:scaleHealth% | 4: 26% %i:scaleHealth% | 5: 33% %i:scaleHealth%","transformation, defense","Primarily statistical","https://lolchess.gg/synergies/set16/guide?hl=en"
"set16","Lore & Legends","WorldEnder","World Ender","CLASS","1","Aatrox gains Attack Damage equal to 200% of his Omnivamp. On first death, he becomes briefly untargetable and heals back to full Health over 2 seconds. Afterwards, he reduces his maximum Mana by 10 and gains 20% Durability.","","position, transformation, defense, offense","Primarily statistical","https://lolchess.gg/synergies/set16/guide?hl=en"
"set16","Lore & Legends","Yordle","Yordle","ORIGIN","2/4/6/8","","2: Yordles gain 40 Health and 5% Attack Speed for each unique Yordle fielded. 3 star Yordles grant 120% more! | 4: AND your first shop each round has a Yordle in it! | 6: AND get 1 free rerolls each round! | 8: AND get a Yordle Grab Bag each round!","economy, defense, offense","Non-combat or mixed economy","https://lolchess.gg/synergies/set16/guide?hl=en"
"set16","Lore & Legends","Zaun","Zaun","ORIGIN","3/5/7","After 4 seconds, Zaunites become Shimmer-Fused, granting them 15% Durability and 90% decaying Attack Speed for 4 seconds. After a short cooldown, they become Shimmer-Fused again.","3: Refresh after 4 seconds. | 5: At 60% Health, Zaunites restore 30% Health over 3 seconds and instantly become Shimmer-Fused. | 7: Shimmer-Fused bonuses are increased by 50%. Refresh after 3 seconds instead.","economy, defense, offense","Non-combat or mixed economy","https://lolchess.gg/synergies/set16/guide?hl=en"
"set17","Space Gods","Anima","Anima","ORIGIN","3/5","After losing a player combat, gain 20 Tech, plus additional Tech equal to 5 times the length of your loss streak. Additionally, gain 2 Tech per Anima takedown. Each time Animas get 100 Tech, they prototype new Anima Weapons. You can take them, or save your Tech to get more powerful weapons next time.","3: Start Researching! | 5: After each player combat, gain loot!","economy, transformation","Non-combat or mixed economy","https://lolchess.gg/synergies/set17/guide?hl=en"
"set17","Space Gods","Arbiter","Arbiter","ORIGIN","2/3","Scribe a unique divine law, allowing you to choose an effect to apply to Arbiters when a chosen cause occurs.","2: Choose a cause and effect for your law | 3: Effects are stronger.","choice","Special combat rule","https://lolchess.gg/synergies/set17/guide?hl=en"
"set17","Space Gods","Arcana","Oracle","ORIGIN","1","Every 3 rounds, Tahm Kench grants a reward! Rounds Remaining: ? Last Reward:","","economy","Non-combat or mixed economy","https://lolchess.gg/synergies/set17/guide?hl=en"
"set17","Space Gods","Bastion","Bastion","CLASS","2/4/6","Your team gains 15 Armor and Magic Resist. Bastions gain more, and the value doubles in the first 10 seconds of combat.","2: 16 %i:scaleArmor%%i:scaleMR% | 4: 40 %i:scaleArmor%%i:scaleMR% | 6: 60 %i:scaleArmor%%i:scaleMR%; Non-Bastions gain an additional 20 %i:scaleArmor%%i:scaleMR%.","defense","Primarily statistical","https://lolchess.gg/synergies/set17/guide?hl=en"
"set17","Space Gods","Brawler","Brawler","CLASS","2/4/6","Your team gains 5% Health. Brawlers gain more.","2: +25% maximum Health | 4: +45% maximum Health | 6: +65% maximum Health","defense","Primarily statistical","https://lolchess.gg/synergies/set17/guide?hl=en"
"set17","Space Gods","Bulwark","Bulwark","ORIGIN","1","Summon a placeable relic. At the start of combat, it grants adjacent allies a 10% max Health shield and 10% Attack Speed.","","summon, position, defense, offense","Visible formation rule","https://lolchess.gg/synergies/set17/guide?hl=en"
"set17","Space Gods","Challenger","Challenger","CLASS","2/3/4/5","Your team gains 10% Attack Speed. Challengers gain bonus Attack Speed. When their target dies, Challengers dash to a new target and increase their Attack Speed bonus by 50% for 2.5 seconds.","2: 15% %i:scaleAS% | 3: 28% %i:scaleAS% | 4: 42% %i:scaleAS% | 5: 55% %i:scaleAS%","offense","Primarily statistical","https://lolchess.gg/synergies/set17/guide?hl=en"
"set17","Space Gods","Channeler","Conduit","CLASS","2/3/4/5","Innate: Conduits gain 20% additional Mana from all sources. Your team gains Mana Regen, increased for Conduits.","2: 1 %i:TFTManaRegen% | 3 %i:TFTManaRegen% | 3: 1 %i:TFTManaRegen% | 5 %i:TFTManaRegen% | 4: 2 %i:TFTManaRegen% | 7 %i:TFTManaRegen% | 5: 2 %i:TFTManaRegen% | 9 %i:TFTManaRegen%","offense","Primarily statistical","https://lolchess.gg/synergies/set17/guide?hl=en"
"set17","Space Gods","Commander","Commander","CLASS","1","Sona gives you a random Command Mod every 2 rounds which allows you to alter the way an ally behaves during combat. Command Mods last 2 player combats even if they are not equipped.","","choice","Special combat rule","https://lolchess.gg/synergies/set17/guide?hl=en"
"set17","Space Gods","DarkLady","Dark Lady","ORIGIN","1","Your team gains 4% Durability, increased to 10% when Morgana is in her Dark Form.","","defense","Primarily statistical","https://lolchess.gg/synergies/set17/guide?hl=en"
"set17","Space Gods","DarkStar","Dark Star","ORIGIN","2/4/6/9","","2: Dark Stars create a black hole that consumes enemies at 8% max health. | 4: AND they gain 45% %i:scaleAD%%i:scaleAP%. | 6: AND the strongest Dark Star unit goes supermassive, gaining 70% effectiveness from Dark Star, and creates 2 minor Black Holes. | 9: All Dark Stars are supermassive. At level 10, CONSUME EVERYONE.","defense","Primarily statistical","https://lolchess.gg/synergies/set17/guide?hl=en"
"set17","Space Gods","DivineDuelist","Divine Duelist","CLASS","1","Your Tactician heals for 15% of player damage dealt from winning. Fiora always wins a one on one duel.","","special","Special combat rule","https://lolchess.gg/synergies/set17/guide?hl=en"
"set17","Space Gods","Doomer","Doomer","ORIGIN","1","Combat Start: Mark all enemies with Doom. The first time enemies are damaged each combat, their Doom is consumed, stealing 12% Attack Damage and Ability Power from them and granting it to your strongest Vex.","","offense","Primarily statistical","https://lolchess.gg/synergies/set17/guide?hl=en"
"set17","Space Gods","Eradicator","Eradicator","ORIGIN","1","Enemies have 10% less Armor and Magic Resist.","","defense","Primarily statistical","https://lolchess.gg/synergies/set17/guide?hl=en"
"set17","Space Gods","FactoryNew","Factory New","ORIGIN","1","After participating in combat, open an armory to purchase a permanent upgrade for your strongest Graves. Every 3 upgrades, future upgrades will take an additional round. Next Upgrade: ? Rounds.","","defense","Primarily statistical","https://lolchess.gg/synergies/set17/guide?hl=en"
"set17","Space Gods","Fateweaver","Fateweaver","CLASS","2/4","Innate: Fateweavers have Precision. Precision: Ability damage can critically strike. Additional Precision grants 10% Critical Strike Damage. Lucky: Check twice and take the better outcome.","2: Chance effects on abilities are Lucky. | 4: Gain 20% Crit Chance and 20% Crit Damage. Critical strikes are also Lucky.","offense","Special combat rule","https://lolchess.gg/synergies/set17/guide?hl=en"
"set17","Space Gods","GalaxyHunter","Galaxy Hunter","CLASS","1","Zed is obtained from the Invader Zed augment. While at least one clone is alive, Zed gains 40% bonus Attack Damage.","","summon, offense","Primarily statistical","https://lolchess.gg/synergies/set17/guide?hl=en"
"set17","Space Gods","GunGoddess","Gun Goddess","CLASS","1","When you field Miss Fortune, choose between Conduit Mode, Challenger Mode, and Replicator Mode. Miss Fortune has a unique ability based on her mode and gains the associated trait.","","choice","Special combat rule","https://lolchess.gg/synergies/set17/guide?hl=en"
"set17","Space Gods","Marauder","Marauder","CLASS","2/4/6","Your team gains 5% Omnivamp. Marauders gain more Omnivamp, Attack Damage, and their Omnivamp overhealing is converted into Shield (up to 25% max Health.)","2: 5% %i:scaleSV%, 18% %i:scaleAD% | 4: 7% %i:scaleSV%, 35% %i:scaleAD% | 6: 10% %i:scaleSV%, 55% %i:scaleAD%.","defense, offense","Primarily statistical","https://lolchess.gg/synergies/set17/guide?hl=en"
"set17","Space Gods","Mecha","Mecha","ORIGIN","3/4/6","Innate: Mecha units can transform into their Ultimate form, upgrading their ability and gaining 40% Health. Transformed Mechas take up two team slots and count twice for the Mecha trait. Use the Mecha-Former item to toggle the forms of your Mecha units","3: Energy Cells: Mechas gain 25% %i:scaleAD%%i:scaleAP%. | 4: Overclocked Cells: Increased to 40% %i:scaleAD%%i:scaleAP%. | 6: Precision Engineering: +1 max team size","summon, transformation, defense","Board-changing summon","https://lolchess.gg/synergies/set17/guide?hl=en"
"set17","Space Gods","Meeple","Meeple","ORIGIN","3/5/7/10","Meeple attract Meeps that empower Meeple abilities in meepy ways. They also gain bonus Health. Cloning time = Champion cost","3: 2 %i:set14AmpIcon%, 100 %i:scaleHealth% | 5: 3 %i:set14AmpIcon%, 350 %i:scaleHealth% | 7: 4 %i:set14AmpIcon%, 450 %i:scaleHealth%. Create a Cloning Slot on your bench. Gain gold and a 1-star copy of the champion placed there when cloning completes. | 10: 6 %i:set14AmpIcon%, 550 %i:scaleHealth%. SUMMON THE FOUR MEEPLORDS!","economy, summon, defense","Non-combat or mixed economy","https://lolchess.gg/synergies/set17/guide?hl=en"
"set17","Space Gods","NOVA","N.O.V.A.","ORIGIN","2/5","Aatrox: Ally Damage 30% Shred and Sunders enemies Caitlyn: Grant allies 20% Attack Speed Akali: Allies gain Precision Maokai: Allies heal 12% max Health Kindred: Shield the strongest Tank for 800 Emblem: Allies deal 10% stacking bonus true damage","2: 6 seconds into combat, N.O.V.A. grant a power surge to allies based on champions. | 5: Gain a Striker selector. The chosen N.O.V.A. activates their Strike during the power surge.","defense, offense, choice","Primarily statistical","https://lolchess.gg/synergies/set17/guide?hl=en"
"set17","Space Gods","PartyAnimal","Party Animal","CLASS","1","Once per combat, after falling below 45% percent Health, become untargetable and repair 15% max Health per second. Upon reaching full Health, or when no other allies remain, return to combat. If fully healed, for the rest of combat Blitzcrank is in The Groove and Party Crasher's passive fires bolts four times as fast.","","transformation, defense","Primarily statistical","https://lolchess.gg/synergies/set17/guide?hl=en"
"set17","Space Gods","Primordian","Primordian","ORIGIN","2/3","8% of damage taken contributes to damage dealt.","2: Dealing damage spawns Swarmlings based on unique Primordian star level. | 3: Spawn 45% more Swarmlings! After each player combat, gain a random 1 or 2-cost champion.","transformation, choice","Special combat rule","https://lolchess.gg/synergies/set17/guide?hl=en"
"set17","Space Gods","Psionic","Psionic","ORIGIN","2/4","Gain Psionic items that can be equipped to any ally.","2: Gain the ? | 4: Gain the ?, Psionic items gain extra effects on Psionic units","special","Special combat rule","https://lolchess.gg/synergies/set17/guide?hl=en"
"set17","Space Gods","Redeemer","Redeemer","ORIGIN","1","Teamwide Attack Speed: ?% %i:scaleAS% Teamwide Resists: ? %i:scaleArmor%%i:scaleMR%","1: For each non-unique trait you have active, your team gains 2% Attack Speed, and 2 Armor and Magic Resist.","defense, offense","Primarily statistical","https://lolchess.gg/synergies/set17/guide?hl=en"
"set17","Space Gods","Replicator","Replicator","CLASS","2/4","Replicator abilities occur a second time at reduced effectiveness.","2: 22% strength | 4: 50% strength","special","Special combat rule","https://lolchess.gg/synergies/set17/guide?hl=en"
"set17","Space Gods","Rogue","Rogue","CLASS","2/3/4/5","Rogues gain Attack Damage and Ability Power. The first time they fall below 50% health, they slip into shadows. Enemies targeting them are redirected to a nearby unit, preferring Tanks.","2: 12% %i:scaleAD% %i:scaleAP% | 3: 25% %i:scaleAD% %i:scaleAP% | 4: 45% %i:scaleAD% %i:scaleAP% | 5: 60% %i:scaleAD% %i:scaleAP%","position, transformation, defense, offense","Primarily statistical","https://lolchess.gg/synergies/set17/guide?hl=en"
"set17","Space Gods","Shepherd","Shepherd","CLASS","3/5/7","Shepherds summon the Bond of the Stars to aid them in battle. Bia and Bayin's power are increased by the total star level of all Shepherds.","3: Summon Bia | 5: Summon Bayin | 7: Bia and Bayin's bond grows deeper","summon, position, transformation","Visible formation rule","https://lolchess.gg/synergies/set17/guide?hl=en"
"set17","Space Gods","Sniper","Sniper","CLASS","2/3/4","Snipers gain Damage Amp, increased against targets farther away.","2: 18% %i:scaleDA%; +2% %i:scaleDA% per hex | 3: 25% %i:scaleDA%; +3% %i:scaleDA% per hex | 4: 35% %i:scaleDA%; +4% %i:scaleDA% per hex","position, offense","Visible formation rule","https://lolchess.gg/synergies/set17/guide?hl=en"
"set17","Space Gods","SpaceGroove","Space Groove","ORIGIN","1/3/5/7/10","The Groove: ?% %i:scaleAS%, ?% %i:scaleHPRegen%","1: Groovians can enter The Groove. While in it, they gain Attack Speed and max Health Regen, increased per Groovian on your team. | 3: All Groovians start combat in The Groove for 4 seconds. | 5: Each second spent in The Groove grants 5% stacking Attack Damage and Ability Power. | 7: Increase these effects by 10%! | 10: Get your Groove on!","defense, offense","Primarily statistical","https://lolchess.gg/synergies/set17/guide?hl=en"
"set17","Space Gods","Stargazer","Stargazer","ORIGIN","3/5/7/8/9/10","Stargazers chart a different constellation every game. Stargazers in empowered hexes gain various bonuses, starting at (3) units. More hexes reveal at each player level.","","position, choice","Visible formation rule","https://lolchess.gg/synergies/set17/guide?hl=en"
"set17","Space Gods","Timebreaker","Timebreaker","ORIGIN","2/3/4","Rerolls on Loss: 1 XP on Win: 1","2: Allies gain 12% Attack Speed. | 3: AND When you lose, gain free rerolls. When you win, store XP in a Temporal Core (scales with stage). | 4: AND Timebreakers gain an additional 50% Attack Speed","economy, offense","Non-combat or mixed economy","https://lolchess.gg/synergies/set17/guide?hl=en"
"set17","Space Gods","Vanguard","Vanguard","CLASS","2/4/6","Vanguards gain 5% Durability while Shielded. Combat start and 50% Health: Gain a max Health Shield for 10 seconds.","2: 16% max Health | 4: 30% max Health | 6: 40% max Health; 8% %i:scaleDR% while Shielded","defense","Primarily statistical","https://lolchess.gg/synergies/set17/guide?hl=en"
"set17","Space Gods","Voyager","Voyager","CLASS","2/3/4/5/6","Combat Start: Your Tanks gain a Shield for 15 seconds. Your other allies gain Damage Amp. Voyagers gain double.","2: 175 Shield; 9% %i:scaleDA% | 3: 250 Shield; 15% %i:scaleDA% | 4: 350 Shield; 18% %i:scaleDA% | 5: 500 Shield; 22% %i:scaleDA% | 6: 700 Shield; 27% %i:scaleDA%","defense, offense","Special combat rule","https://lolchess.gg/synergies/set17/guide?hl=en"
